khach_hang_id,recency,frequency,monetary,cum_du_doan,ten_cum
363,169,3,817740,2,Khách hàng nguy cơ mất
154,43,17,2802970,0,Khách hàng tiềm năng
635,67,11,2606160,0,Khách hàng tiềm năng
207,88,7,2772513,0,Khách hàng tiềm năng
591,43,8,617652,0,Khách hàng tiềm năng
575,30,9,1558395,0,Khách hàng tiềm năng
240,87,5,1729344,0,Khách hàng tiềm năng
234,274,1,930829,2,Khách hàng nguy cơ mất
65,12,46,10623058,3,Khách hàng VIP
625,41,4,2015034,0,Khách hàng tiềm năng
56,2,50,5170304,3,Khách hàng VIP
594,78,3,907256,0,Khách hàng tiềm năng
420,24,9,1759229,0,Khách hàng tiềm năng
385,49,15,4885340,1,Khách hàng VIP
175,20,25,6733594,1,Khách hàng VIP
76,43,19,2806610,0,Khách hàng tiềm năng
48,72,4,1447389,0,Khách hàng tiềm năng
128,0,34,5845632,1,Khách hàng VIP
149,192,4,661157,2,Khách hàng nguy cơ mất
355,221,1,129856,2,Khách hàng nguy cơ mất
475,35,13,3951770,0,Khách hàng tiềm năng
167,146,1,211492,2,Khách hàng nguy cơ mất
484,164,5,775835,2,Khách hàng nguy cơ mất
385,76,12,2159061,0,Khách hàng tiềm năng
425,214,3,477689,2,Khách hàng nguy cơ mất
99,3,27,19793161,3,Khách hàng VIP
481,29,11,2346347,0,Khách hàng tiềm năng
266,50,4,2836026,0,Khách hàng tiềm năng
94,66,10,2982080,1,Khách hàng VIP
29,1,41,6756005,1,Khách hàng VIP
429,33,23,6682193,1,Khách hàng VIP
246,84,6,1074290,0,Khách hàng tiềm năng
373,30,17,2054230,0,Khách hàng tiềm năng
209,27,8,694281,0,Khách hàng tiềm năng
382,38,9,1162417,0,Khách hàng tiềm năng
251,2,19,6065253,1,Khách hàng VIP
112,169,2,796311,2,Khách hàng nguy cơ mất
592,22,13,2171366,0,Khách hàng tiềm năng
380,70,7,1614324,0,Khách hàng tiềm năng
55,26,16,6965113,1,Khách hàng VIP
124,5,57,17574930,3,Khách hàng VIP
430,204,4,972414,2,Khách hàng nguy cơ mất
52,24,13,7193462,1,Khách hàng VIP
386,31,12,5974604,1,Khách hàng VIP
71,188,3,378782,2,Khách hàng nguy cơ mất
126,50,9,1387538,0,Khách hàng tiềm năng
308,11,24,4071153,1,Khách hàng VIP
191,62,10,984059,0,Khách hàng tiềm năng
70,17,46,5182317,1,Khách hàng VIP
111,205,3,318096,2,Khách hàng nguy cơ mất
35,297,1,103714,2,Khách hàng nguy cơ mất
48,4,13,4319243,0,Khách hàng tiềm năng
752,54,4,2174028,0,Khách hàng tiềm năng
13,10,21,4933386,1,Khách hàng VIP
211,56,10,1258410,0,Khách hàng tiềm năng
244,135,2,412904,2,Khách hàng nguy cơ mất
546,41,10,1422544,0,Khách hàng tiềm năng
199,292,3,345725,2,Khách hàng nguy cơ mất
484,63,8,2172633,0,Khách hàng tiềm năng
162,34,25,3657017,1,Khách hàng VIP
775,59,10,2164461,0,Khách hàng tiềm năng
479,39,15,4225646,0,Khách hàng tiềm năng
124,273,3,661861,2,Khách hàng nguy cơ mất
391,37,9,1457647,0,Khách hàng tiềm năng
490,270,2,616745,2,Khách hàng nguy cơ mất
350,278,2,147675,2,Khách hàng nguy cơ mất
289,32,11,617411,0,Khách hàng tiềm năng
15,211,2,801965,2,Khách hàng nguy cơ mất
111,4,24,11273645,1,Khách hàng VIP
789,22,12,2111891,0,Khách hàng tiềm năng
755,57,6,1992791,0,Khách hàng tiềm năng
184,22,18,4325892,1,Khách hàng VIP
697,82,8,605501,0,Khách hàng tiềm năng
356,74,8,1126207,0,Khách hàng tiềm năng
57,77,12,1080196,0,Khách hàng tiềm năng
125,26,23,4430616,1,Khách hàng VIP
126,315,1,853039,2,Khách hàng nguy cơ mất
89,71,12,2654609,0,Khách hàng tiềm năng
169,15,21,3897620,1,Khách hàng VIP
322,110,3,984894,0,Khách hàng tiềm năng
69,24,34,19448338,3,Khách hàng VIP
159,79,8,2488860,0,Khách hàng tiềm năng
785,71,7,818520,0,Khách hàng tiềm năng
58,267,5,749667,2,Khách hàng nguy cơ mất
194,168,3,360022,2,Khách hàng nguy cơ mất
776,99,7,1215560,0,Khách hàng tiềm năng
301,128,4,947133,2,Khách hàng nguy cơ mất
279,36,11,4388031,0,Khách hàng tiềm năng
82,13,29,7744688,1,Khách hàng VIP
150,264,1,421945,2,Khách hàng nguy cơ mất
59,145,2,994035,2,Khách hàng nguy cơ mất
232,255,1,976546,2,Khách hàng nguy cơ mất
11,31,21,4664262,1,Khách hàng VIP
98,13,13,5681624,1,Khách hàng VIP
387,234,5,704478,2,Khách hàng nguy cơ mất
336,267,4,174117,2,Khách hàng nguy cơ mất
452,10,11,3694834,0,Khách hàng tiềm năng
535,69,9,2012678,0,Khách hàng tiềm năng
5,103,4,160325,0,Khách hàng tiềm năng
434,171,2,811066,2,Khách hàng nguy cơ mất
218,50,5,2050003,0,Khách hàng tiềm năng
295,65,11,550304,0,Khách hàng tiềm năng
230,13,24,3724457,1,Khách hàng VIP
672,43,3,1036412,0,Khách hàng tiềm năng
40,19,13,7885924,1,Khách hàng VIP
181,26,5,891323,0,Khách hàng tiềm năng
421,3,13,5100190,1,Khách hàng VIP
57,1,26,5441173,1,Khách hàng VIP
412,24,11,2233579,0,Khách hàng tiềm năng
345,7,22,6270336,1,Khách hàng VIP
73,40,9,724252,0,Khách hàng tiềm năng
721,48,9,696744,0,Khách hàng tiềm năng
343,52,12,2778942,0,Khách hàng tiềm năng
292,230,2,472074,2,Khách hàng nguy cơ mất
61,78,4,1537767,0,Khách hàng tiềm năng
183,4,26,4962884,1,Khách hàng VIP
405,101,5,2777060,0,Khách hàng tiềm năng
275,65,6,2095349,0,Khách hàng tiềm năng
153,4,24,3705644,1,Khách hàng VIP
108,180,5,385250,2,Khách hàng nguy cơ mất
328,197,2,395516,2,Khách hàng nguy cơ mất
338,80,10,1099872,0,Khách hàng tiềm năng
409,41,13,2446289,0,Khách hàng tiềm năng
295,36,24,4194084,1,Khách hàng VIP
194,40,26,6215243,1,Khách hàng VIP
49,236,2,181754,2,Khách hàng nguy cơ mất
265,7,24,6638851,1,Khách hàng VIP
188,62,7,802888,0,Khách hàng tiềm năng
495,32,10,2044532,0,Khách hàng tiềm năng
167,27,13,3480943,1,Khách hàng VIP
396,163,3,363200,2,Khách hàng nguy cơ mất
376,157,1,426921,2,Khách hàng nguy cơ mất
46,55,9,1928032,0,Khách hàng tiềm năng
330,15,21,4596896,1,Khách hàng VIP
104,54,11,2998018,0,Khách hàng tiềm năng
525,50,12,1753603,0,Khách hàng tiềm năng
481,271,2,433003,2,Khách hàng nguy cơ mất
408,145,2,444624,2,Khách hàng nguy cơ mất
202,175,2,864163,2,Khách hàng nguy cơ mất
47,91,4,184088,0,Khách hàng tiềm năng
615,73,10,1387487,0,Khách hàng tiềm năng
107,41,14,6849411,1,Khách hàng VIP
169,256,3,957071,2,Khách hàng nguy cơ mất
164,40,9,2648757,0,Khách hàng tiềm năng
69,174,2,971030,2,Khách hàng nguy cơ mất
331,31,22,2263399,1,Khách hàng VIP
455,27,16,2767200,0,Khách hàng tiềm năng
561,87,7,2029139,0,Khách hàng tiềm năng
34,19,26,6765263,1,Khách hàng VIP
120,19,41,13911960,3,Khách hàng VIP
200,227,4,320056,2,Khách hàng nguy cơ mất
251,69,4,630867,0,Khách hàng tiềm năng
418,26,19,5489733,1,Khách hàng VIP
480,38,5,1716105,0,Khách hàng tiềm năng
108,37,28,7686128,1,Khách hàng VIP
135,9,25,19171485,3,Khách hàng VIP
355,42,25,6755570,1,Khách hàng VIP
176,165,3,979517,2,Khách hàng nguy cơ mất
384,15,11,2175018,0,Khách hàng tiềm năng
143,266,3,889162,2,Khách hàng nguy cơ mất
471,43,18,6451377,1,Khách hàng VIP
136,55,3,2564720,0,Khách hàng tiềm năng
109,2,32,15885792,3,Khách hàng VIP
466,82,10,2768657,0,Khách hàng tiềm năng
462,201,4,394472,2,Khách hàng nguy cơ mất
766,95,4,990585,0,Khách hàng tiềm năng
231,194,1,635471,2,Khách hàng nguy cơ mất
544,73,8,2831109,0,Khách hàng tiềm năng
12,32,18,5757405,1,Khách hàng VIP
270,139,5,665364,2,Khách hàng nguy cơ mất
422,51,5,1934937,0,Khách hàng tiềm năng
480,4,27,7411641,1,Khách hàng VIP
453,147,5,520299,2,Khách hàng nguy cơ mất
341,127,2,200182,2,Khách hàng nguy cơ mất
212,15,17,7102088,1,Khách hàng VIP
626,40,9,1925781,0,Khách hàng tiềm năng
84,79,5,1095312,0,Khách hàng tiềm năng
647,56,4,1575791,0,Khách hàng tiềm năng
176,70,10,2828861,0,Khách hàng tiềm năng
155,106,3,456421,2,Khách hàng nguy cơ mất
580,34,10,1346385,0,Khách hàng tiềm năng
87,36,5,783108,0,Khách hàng tiềm năng
321,218,4,992437,2,Khách hàng nguy cơ mất
500,75,12,1175871,0,Khách hàng tiềm năng
109,54,10,1212966,0,Khách hàng tiềm năng
14,83,10,879950,0,Khách hàng tiềm năng
493,145,4,510494,2,Khách hàng nguy cơ mất
162,245,4,781295,2,Khách hàng nguy cơ mất
492,34,6,2384534,0,Khách hàng tiềm năng
527,50,8,1523902,0,Khách hàng tiềm năng
403,41,21,5384444,1,Khách hàng VIP
71,32,16,2114696,1,Khách hàng VIP
686,97,5,2860103,0,Khách hàng tiềm năng
32,36,19,6743058,1,Khách hàng VIP
49,4,48,6252510,1,Khách hàng VIP
263,31,15,2105314,0,Khách hàng tiềm năng
407,37,11,1800576,0,Khách hàng tiềm năng
157,36,10,630181,0,Khách hàng tiềm năng
494,4,13,2254533,0,Khách hàng tiềm năng
54,212,5,843631,2,Khách hàng nguy cơ mất
375,250,2,135451,2,Khách hàng nguy cơ mất
327,42,20,6841792,1,Khách hàng VIP
173,5,46,14331300,3,Khách hàng VIP
22,62,12,2084458,0,Khách hàng tiềm năng
215,27,22,4833690,1,Khách hàng VIP
38,1,18,2892775,1,Khách hàng VIP
774,50,9,2159335,0,Khách hàng tiềm năng
637,37,5,694984,0,Khách hàng tiềm năng
365,52,5,2369129,0,Khách hàng tiềm năng
23,9,34,12416304,3,Khách hàng VIP
269,133,4,439137,2,Khách hàng nguy cơ mất
63,8,40,13750531,3,Khách hàng VIP
90,6,17,7004867,1,Khách hàng VIP
188,12,45,6920687,3,Khách hàng VIP
3,50,3,1301418,0,Khách hàng tiềm năng
317,107,2,416644,0,Khách hàng tiềm năng
439,46,6,817756,0,Khách hàng tiềm năng
155,8,27,5777346,1,Khách hàng VIP
217,45,16,3294444,0,Khách hàng tiềm năng
547,42,11,838792,0,Khách hàng tiềm năng
232,89,10,1017179,0,Khách hàng tiềm năng
196,15,52,15013366,3,Khách hàng VIP
380,22,28,7088252,1,Khách hàng VIP
436,39,4,727338,0,Khách hàng tiềm năng
316,123,5,623205,0,Khách hàng tiềm năng
437,292,1,920858,2,Khách hàng nguy cơ mất
234,33,19,5095171,1,Khách hàng VIP
100,1,24,15472425,3,Khách hàng VIP
157,177,3,827614,2,Khách hàng nguy cơ mất
195,24,24,3788313,1,Khách hàng VIP
441,254,4,894156,2,Khách hàng nguy cơ mất
21,49,14,4370826,0,Khách hàng tiềm năng
178,190,4,390739,2,Khách hàng nguy cơ mất
799,95,5,2010012,0,Khách hàng tiềm năng
287,225,3,536300,2,Khách hàng nguy cơ mất
145,30,25,6935208,1,Khách hàng VIP
329,21,13,2587391,0,Khách hàng tiềm năng
190,72,11,2773609,0,Khách hàng tiềm năng
652,83,11,2582485,0,Khách hàng tiềm năng
353,4,13,7887067,1,Khách hàng VIP
45,27,8,1236753,0,Khách hàng tiềm năng
44,136,3,267043,2,Khách hàng nguy cơ mất
339,34,14,7122709,1,Khách hàng VIP
208,65,8,2894416,0,Khách hàng tiềm năng
696,44,6,1323303,0,Khách hàng tiềm năng
115,19,43,5395504,1,Khách hàng VIP
131,105,3,2686867,0,Khách hàng tiềm năng
440,115,5,987070,0,Khách hàng tiềm năng
110,35,8,2482100,0,Khách hàng tiềm năng
612,74,8,978724,0,Khách hàng tiềm năng
306,75,4,1828349,0,Khách hàng tiềm năng
106,28,18,2665988,0,Khách hàng tiềm năng
402,49,10,2506640,0,Khách hàng tiềm năng
280,3,18,3817494,1,Khách hàng VIP
725,40,8,723055,0,Khách hàng tiềm năng
377,27,12,1210720,0,Khách hàng tiềm năng
371,15,15,4993373,0,Khách hàng tiềm năng
419,45,20,4619685,1,Khách hàng VIP
400,185,1,469303,2,Khách hàng nguy cơ mất
567,91,7,1111788,0,Khách hàng tiềm năng
78,8,49,19539538,3,Khách hàng VIP
414,120,1,346591,2,Khách hàng nguy cơ mất
32,2,42,14273270,3,Khách hàng VIP
40,166,3,609007,2,Khách hàng nguy cơ mất
335,96,4,577670,0,Khách hàng tiềm năng
65,183,3,710617,2,Khách hàng nguy cơ mất
152,4,21,4980172,1,Khách hàng VIP
163,12,38,5218169,3,Khách hàng VIP
4,33,18,4054687,1,Khách hàng VIP
355,70,3,1020579,0,Khách hàng tiềm năng
666,34,5,1114999,0,Khách hàng tiềm năng
469,222,5,797344,2,Khách hàng nguy cơ mất
296,38,11,3352287,0,Khách hàng tiềm năng
127,167,4,257091,2,Khách hàng nguy cơ mất
468,200,4,517446,2,Khách hàng nguy cơ mất
465,119,3,830040,0,Khách hàng tiềm năng
411,32,25,3325116,1,Khách hàng VIP
233,8,21,2669073,1,Khách hàng VIP
793,69,11,1140052,0,Khách hàng tiềm năng
19,46,21,5723962,1,Khách hàng VIP
433,261,4,280876,2,Khách hàng nguy cơ mất
767,58,7,2225188,0,Khách hàng tiềm năng
431,29,16,4985239,1,Khách hàng VIP
683,39,11,1171250,0,Khách hàng tiềm năng
603,89,6,609702,2,Khách hàng nguy cơ mất
59,8,24,6782268,1,Khách hàng VIP
99,41,24,2531628,1,Khách hàng VIP
213,254,2,371601,2,Khách hàng nguy cơ mất
73,17,56,18367146,3,Khách hàng VIP
162,15,36,7045572,1,Khách hàng VIP
576,74,9,523275,0,Khách hàng tiềm năng
96,110,2,257701,2,Khách hàng nguy cơ mất
735,36,11,1559520,1,Khách hàng VIP
115,201,4,485876,2,Khách hàng nguy cơ mất
392,17,16,2269467,1,Khách hàng VIP
117,34,23,2301356,1,Khách hàng VIP
45,14,57,19208728,3,Khách hàng VIP
222,159,5,838053,2,Khách hàng nguy cơ mất
334,188,2,536946,2,Khách hàng nguy cơ mất
228,35,24,3195291,1,Khách hàng VIP
382,51,10,2572395,0,Khách hàng tiềm năng
76,17,46,6106948,3,Khách hàng VIP
419,103,5,653032,0,Khách hàng tiềm năng
716,69,9,2185467,0,Khách hàng tiềm năng
82,64,10,2859435,0,Khách hàng tiềm năng
422,318,1,382491,2,Khách hàng nguy cơ mất
475,51,4,2862806,0,Khách hàng tiềm năng
621,23,13,2687521,0,Khách hàng tiềm năng
239,25,8,1458918,0,Khách hàng tiềm năng
30,13,46,7144875,3,Khách hàng VIP
393,63,10,550852,0,Khách hàng tiềm năng
118,178,2,981323,2,Khách hàng nguy cơ mất
531,27,10,2805558,0,Khách hàng tiềm năng
276,44,6,1301408,0,Khách hàng tiềm năng
386,51,13,2459929,0,Khách hàng tiềm năng
315,20,23,2883818,1,Khách hàng VIP
53,167,3,932151,2,Khách hàng nguy cơ mất
70,228,1,862441,2,Khách hàng nguy cơ mất
313,308,1,161516,2,Khách hàng nguy cơ mất
76,202,3,190028,2,Khách hàng nguy cơ mất
44,7,23,17191993,3,Khách hàng VIP
189,332,1,622822,2,Khách hàng nguy cơ mất
168,1,30,18562380,3,Khách hàng VIP
104,33,11,2396059,0,Khách hàng tiềm năng
292,25,8,841257,0,Khách hàng tiềm năng
356,34,22,7447392,1,Khách hàng VIP
427,157,4,107474,2,Khách hàng nguy cơ mất
408,36,27,7509434,1,Khách hàng VIP
121,261,5,897331,2,Khách hàng nguy cơ mất
59,77,7,2559361,0,Khách hàng tiềm năng
239,6,21,4024073,1,Khách hàng VIP
383,36,21,4572212,1,Khách hàng VIP
21,156,1,282838,2,Khách hàng nguy cơ mất
328,43,22,4757989,1,Khách hàng VIP
143,19,24,3451590,1,Khách hàng VIP
239,222,5,652051,2,Khách hàng nguy cơ mất
168,14,27,6445424,1,Khách hàng VIP
185,14,47,8602184,3,Khách hàng VIP
418,32,4,2057931,0,Khách hàng tiềm năng
257,310,1,216462,2,Khách hàng nguy cơ mất
727,47,12,936966,0,Khách hàng tiềm năng
101,42,11,2465896,1,Khách hàng VIP
406,125,3,639258,2,Khách hàng nguy cơ mất
134,88,10,2626450,0,Khách hàng tiềm năng
344,26,15,7968915,1,Khách hàng VIP
103,269,3,979869,2,Khách hàng nguy cơ mất
151,13,20,3628456,1,Khách hàng VIP
435,196,2,805332,2,Khách hàng nguy cơ mất
13,198,4,731557,2,Khách hàng nguy cơ mất
280,107,3,2869059,0,Khách hàng tiềm năng
175,4,35,19242809,3,Khách hàng VIP
283,40,15,3479621,0,Khách hàng tiềm năng
714,45,6,972694,0,Khách hàng tiềm năng
113,107,3,575817,2,Khách hàng nguy cơ mất
123,3,33,17631783,3,Khách hàng VIP
400,11,22,4142726,1,Khách hàng VIP
297,163,2,559236,2,Khách hàng nguy cơ mất
248,305,3,867012,2,Khách hàng nguy cơ mất
680,82,4,1380772,0,Khách hàng tiềm năng
487,68,9,831435,0,Khách hàng tiềm năng
286,32,12,4842858,0,Khách hàng tiềm năng
132,31,19,5620958,1,Khách hàng VIP
90,47,13,1692774,0,Khách hàng tiềm năng
194,8,35,18451826,3,Khách hàng VIP
438,36,17,2426949,1,Khách hàng VIP
272,34,17,7845166,1,Khách hàng VIP
216,225,1,367372,2,Khách hàng nguy cơ mất
123,32,14,6820896,1,Khách hàng VIP
498,105,3,2905913,2,Khách hàng nguy cơ mất
67,41,26,4689914,1,Khách hàng VIP
46,120,5,474463,0,Khách hàng tiềm năng
306,143,4,245454,2,Khách hàng nguy cơ mất
67,18,48,18028986,3,Khách hàng VIP
240,137,4,345278,2,Khách hàng nguy cơ mất
95,110,2,348117,0,Khách hàng tiềm năng
66,253,2,958614,2,Khách hàng nguy cơ mất
281,25,15,2394169,1,Khách hàng VIP
259,107,2,486594,0,Khách hàng tiềm năng
415,270,4,554605,2,Khách hàng nguy cơ mất
742,37,4,906246,0,Khách hàng tiềm năng
762,35,5,1261902,0,Khách hàng tiềm năng
189,99,4,713521,0,Khách hàng tiềm năng
223,5,23,6431584,1,Khách hàng VIP
177,224,1,877098,2,Khách hàng nguy cơ mất
751,34,4,1042035,0,Khách hàng tiềm năng
66,52,4,2430668,0,Khách hàng tiềm năng
320,15,23,7747604,1,Khách hàng VIP
733,94,4,2939677,0,Khách hàng tiềm năng
414,37,13,3051330,1,Khách hàng VIP
33,224,4,366422,2,Khách hàng nguy cơ mất
285,231,2,134198,2,Khách hàng nguy cơ mất
161,208,4,685329,2,Khách hàng nguy cơ mất
254,27,18,6637528,1,Khách hàng VIP
32,79,8,1431642,0,Khách hàng tiềm năng
335,2,14,2299874,0,Khách hàng tiềm năng
267,49,4,621160,0,Khách hàng tiềm năng
586,70,6,2548569,0,Khách hàng tiềm năng
242,208,4,202199,2,Khách hàng nguy cơ mất
62,24,24,4634898,1,Khách hàng VIP
336,44,18,7061897,1,Khách hàng VIP
270,26,11,2038881,0,Khách hàng tiềm năng
41,18,23,4900444,0,Khách hàng tiềm năng
121,73,12,1218144,0,Khách hàng tiềm năng
493,23,21,7713330,1,Khách hàng VIP
221,10,20,2819605,1,Khách hàng VIP
387,44,4,1487018,0,Khách hàng tiềm năng
501,254,1,697112,2,Khách hàng nguy cơ mất
166,33,13,2022919,0,Khách hàng tiềm năng
324,90,5,2428107,0,Khách hàng tiềm năng
542,50,7,827699,0,Khách hàng tiềm năng
389,42,13,4387019,0,Khách hàng tiềm năng
38,85,8,2192594,0,Khách hàng tiềm năng
264,155,3,365017,2,Khách hàng nguy cơ mất
243,61,11,509140,0,Khách hàng tiềm năng
71,4,52,19548182,3,Khách hàng VIP
709,36,9,2624000,0,Khách hàng tiềm năng
60,18,22,2655585,1,Khách hàng VIP
51,19,35,13376063,3,Khách hàng VIP
198,19,45,7884335,3,Khách hàng VIP
291,258,3,594989,2,Khách hàng nguy cơ mất
451,31,13,5234567,1,Khách hàng VIP
133,25,27,4146884,1,Khách hàng VIP
661,49,6,2973373,0,Khách hàng tiềm năng
394,11,18,4230344,1,Khách hàng VIP
693,95,8,1676962,0,Khách hàng tiềm năng
303,132,2,380073,2,Khách hàng nguy cơ mất
616,82,9,1301780,0,Khách hàng tiềm năng
413,96,4,1743915,0,Khách hàng tiềm năng
308,68,6,2884259,0,Khách hàng tiềm năng
628,88,9,851247,0,Khách hàng tiềm năng
227,44,14,6279241,1,Khách hàng VIP
61,163,1,144362,2,Khách hàng nguy cơ mất
595,65,9,2531034,0,Khách hàng tiềm năng
391,6,20,7959530,1,Khách hàng VIP
460,87,5,869433,0,Khách hàng tiềm năng
479,245,5,145129,2,Khách hàng nguy cơ mất
434,60,12,1274617,1,Khách hàng VIP
287,97,7,2667880,0,Khách hàng tiềm năng
199,4,18,2289116,0,Khách hàng tiềm năng
14,176,3,780698,2,Khách hàng nguy cơ mất
237,33,11,2088160,0,Khách hàng tiềm năng
192,22,33,7728201,1,Khách hàng VIP
737,76,5,561743,0,Khách hàng tiềm năng
415,41,12,7200622,1,Khách hàng VIP
795,55,11,790684,0,Khách hàng tiềm năng
377,28,21,5806182,1,Khách hàng VIP
288,34,4,2182520,0,Khách hàng tiềm năng
734,105,5,1215647,0,Khách hàng tiềm năng
8,69,3,1366796,0,Khách hàng tiềm năng
560,59,5,868634,0,Khách hàng tiềm năng
141,6,39,14092619,3,Khách hàng VIP
659,85,11,1406458,0,Khách hàng tiềm năng
2,18,27,12578785,3,Khách hàng VIP
523,87,12,2426094,0,Khách hàng tiềm năng
372,200,2,189786,2,Khách hàng nguy cơ mất
125,241,2,165414,2,Khách hàng nguy cơ mất
140,7,19,5748703,1,Khách hàng VIP
272,229,4,308058,2,Khách hàng nguy cơ mất
39,296,2,720857,2,Khách hàng nguy cơ mất
284,30,16,4904462,1,Khách hàng VIP
66,37,12,7300788,1,Khách hàng VIP
177,24,27,4602904,1,Khách hàng VIP
43,45,6,1388824,0,Khách hàng tiềm năng
315,40,4,1677041,0,Khách hàng tiềm năng
240,36,25,2115965,1,Khách hàng VIP
72,38,26,4861060,1,Khách hàng VIP
184,6,48,14501012,3,Khách hàng VIP
241,31,11,2740590,0,Khách hàng tiềm năng
45,11,23,3714701,1,Khách hàng VIP
233,30,5,1395547,0,Khách hàng tiềm năng
246,21,26,5570790,1,Khách hàng VIP
397,23,13,7510558,1,Khách hàng VIP
119,24,11,911827,0,Khách hàng tiềm năng
574,68,6,2868569,0,Khách hàng tiềm năng
179,162,2,517402,2,Khách hàng nguy cơ mất
287,23,24,2347066,1,Khách hàng VIP
481,30,13,6840161,1,Khách hàng VIP
216,24,22,7280940,1,Khách hàng VIP
74,42,23,6336241,1,Khách hàng VIP
773,27,10,1274079,0,Khách hàng tiềm năng
332,276,3,536727,2,Khách hàng nguy cơ mất
756,32,11,1560462,0,Khách hàng tiềm năng
51,26,27,5463674,3,Khách hàng VIP
214,20,24,5944120,1,Khách hàng VIP
687,60,11,1490693,0,Khách hàng tiềm năng
609,70,5,501003,0,Khách hàng tiềm năng
17,84,5,2519255,0,Khách hàng tiềm năng
111,29,19,5135459,1,Khách hàng VIP
228,38,6,1304215,0,Khách hàng tiềm năng
182,27,14,6122115,1,Khách hàng VIP
68,240,5,922433,2,Khách hàng nguy cơ mất
226,45,12,4370785,0,Khách hàng tiềm năng
377,326,1,649578,2,Khách hàng nguy cơ mất
333,12,21,4673249,1,Khách hàng VIP
54,86,5,2153665,0,Khách hàng tiềm năng
67,80,12,688817,0,Khách hàng tiềm năng
658,51,11,1258202,0,Khách hàng tiềm năng
209,5,13,6605405,1,Khách hàng VIP
117,245,2,504059,2,Khách hàng nguy cơ mất
495,3,19,3591956,1,Khách hàng VIP
241,153,4,346756,2,Khách hàng nguy cơ mất
349,3,11,4621975,1,Khách hàng VIP
238,28,7,2825013,0,Khách hàng tiềm năng
691,83,4,1169435,0,Khách hàng tiềm năng
110,111,4,172029,0,Khách hàng tiềm năng
442,214,5,960907,2,Khách hàng nguy cơ mất
783,53,8,1068834,0,Khách hàng tiềm năng
182,21,43,12389271,3,Khách hàng VIP
443,130,3,408338,2,Khách hàng nguy cơ mất
462,78,11,2510936,0,Khách hàng tiềm năng
170,17,25,12709842,1,Khách hàng VIP
93,9,15,6520567,1,Khách hàng VIP
362,9,20,2970028,0,Khách hàng tiềm năng
758,90,5,1135368,0,Khách hàng tiềm năng
379,147,1,931631,2,Khách hàng nguy cơ mất
154,247,2,185982,2,Khách hàng nguy cơ mất
151,45,13,2499229,0,Khách hàng tiềm năng
73,13,11,6126332,1,Khách hàng VIP
52,165,3,873574,2,Khách hàng nguy cơ mất
336,32,11,2867257,0,Khách hàng tiềm năng
246,269,3,647174,2,Khách hàng nguy cơ mất
172,30,20,3622359,1,Khách hàng VIP
172,266,3,682125,2,Khách hàng nguy cơ mất
23,39,9,1133002,0,Khách hàng tiềm năng
35,33,7,681840,0,Khách hàng tiềm năng
79,22,12,1361491,0,Khách hàng tiềm năng
319,7,20,2805649,1,Khách hàng VIP
135,12,11,2737524,0,Khách hàng tiềm năng
147,104,4,776357,0,Khách hàng tiềm năng
553,94,6,1516591,0,Khách hàng tiềm năng
354,49,7,1103110,0,Khách hàng tiềm năng
426,205,1,269357,2,Khách hàng nguy cơ mất
15,5,30,11726682,3,Khách hàng VIP
9,49,7,2366130,0,Khách hàng tiềm năng
202,29,8,2069896,0,Khách hàng tiềm năng
482,178,3,356320,2,Khách hàng nguy cơ mất
75,142,1,889982,2,Khách hàng nguy cơ mất
205,80,11,2084723,0,Khách hàng tiềm năng
266,3,24,5107763,1,Khách hàng VIP
480,151,2,456947,2,Khách hàng nguy cơ mất
199,17,45,5613029,3,Khách hàng VIP
508,46,5,2073047,0,Khách hàng tiềm năng
357,48,4,2514764,0,Khách hàng tiềm năng
433,74,7,2046462,0,Khách hàng tiềm năng
681,79,5,1085144,0,Khách hàng tiềm năng
300,68,5,2548495,0,Khách hàng tiềm năng
29,36,12,1273421,0,Khách hàng tiềm năng
274,214,2,652628,2,Khách hàng nguy cơ mất
412,104,5,663100,2,Khách hàng nguy cơ mất
324,152,2,498583,2,Khách hàng nguy cơ mất
368,1,22,2976198,1,Khách hàng VIP
43,22,34,10559632,1,Khách hàng VIP
75,3,28,6155194,1,Khách hàng VIP
398,41,7,2824676,0,Khách hàng tiềm năng
101,15,40,13041445,3,Khách hàng VIP
533,54,10,1449810,0,Khách hàng tiềm năng
224,251,4,168957,2,Khách hàng nguy cơ mất
335,261,1,401928,2,Khách hàng nguy cơ mất
107,18,34,17338058,3,Khách hàng VIP
120,227,3,396223,2,Khách hàng nguy cơ mất
298,1,26,2844817,1,Khách hàng VIP
483,255,5,920578,2,Khách hàng nguy cơ mất
183,65,12,2047803,0,Khách hàng tiềm năng
58,64,10,2272250,0,Khách hàng tiềm năng
420,49,12,5480533,1,Khách hàng VIP
408,32,5,2192734,0,Khách hàng tiềm năng
438,117,1,275166,0,Khách hàng tiềm năng
111,85,13,2764391,0,Khách hàng tiềm năng
339,58,11,708447,0,Khách hàng tiềm năng
72,0,48,5647398,1,Khách hàng VIP
585,27,8,1585122,0,Khách hàng tiềm năng
573,45,10,775044,0,Khách hàng tiềm năng
636,40,9,2305933,0,Khách hàng tiềm năng
760,32,4,1713139,0,Khách hàng tiềm năng
282,46,20,3369412,1,Khách hàng VIP
370,63,4,2009507,0,Khách hàng tiềm năng
307,1,21,3559429,1,Khách hàng VIP
539,90,9,941029,0,Khách hàng tiềm năng
364,289,3,636226,2,Khách hàng nguy cơ mất
492,271,1,540604,2,Khách hàng nguy cơ mất
778,80,9,983618,0,Khách hàng tiềm năng
369,144,4,983554,0,Khách hàng tiềm năng
757,89,10,1616721,0,Khách hàng tiềm năng
112,20,17,3797394,1,Khách hàng VIP
264,37,6,2038369,0,Khách hàng tiềm năng
206,16,13,4212243,1,Khách hàng VIP
632,53,12,1862204,0,Khách hàng tiềm năng
152,242,3,507969,2,Khách hàng nguy cơ mất
110,10,23,7730691,1,Khách hàng VIP
27,43,16,7456727,1,Khách hàng VIP
360,217,5,800697,2,Khách hàng nguy cơ mất
12,55,10,1330001,0,Khách hàng tiềm năng
446,123,4,550445,2,Khách hàng nguy cơ mất
685,55,9,1834042,0,Khách hàng tiềm năng
288,113,1,195201,2,Khách hàng nguy cơ mất
148,2,35,12804615,1,Khách hàng VIP
57,163,1,594240,2,Khách hàng nguy cơ mất
459,188,2,690534,2,Khách hàng nguy cơ mất
227,52,12,1014718,0,Khách hàng tiềm năng
244,60,5,1300148,0,Khách hàng tiềm năng
138,81,7,1496196,0,Khách hàng tiềm năng
376,6,22,3372060,1,Khách hàng VIP
358,15,17,7760813,1,Khách hàng VIP
537,64,7,1716012,0,Khách hàng tiềm năng
662,34,11,598229,0,Khách hàng tiềm năng
649,48,3,2719378,0,Khách hàng tiềm năng
463,78,8,664574,0,Khách hàng tiềm năng
744,83,12,2215060,0,Khách hàng tiềm năng
87,34,18,3767716,0,Khách hàng tiềm năng
107,160,2,944729,2,Khách hàng nguy cơ mất
359,29,6,978803,0,Khách hàng tiềm năng
399,40,27,5462735,1,Khách hàng VIP
234,29,9,873498,0,Khách hàng tiềm năng
763,69,6,954521,0,Khách hàng tiềm năng
140,110,1,404811,0,Khách hàng tiềm năng
90,224,2,103370,2,Khách hàng nguy cơ mất
342,33,5,2167592,0,Khách hàng tiềm năng
532,54,9,1981420,0,Khách hàng tiềm năng
108,49,7,910158,0,Khách hàng tiềm năng
206,40,6,679766,0,Khách hàng tiềm năng
182,114,2,962037,2,Khách hàng nguy cơ mất
506,55,4,2324722,0,Khách hàng tiềm năng
69,57,9,1569172,0,Khách hàng tiềm năng
410,13,13,5035747,0,Khách hàng tiềm năng
495,115,2,780138,2,Khách hàng nguy cơ mất
67,185,5,559904,2,Khách hàng nguy cơ mất
724,87,7,1972025,0,Khách hàng tiềm năng
312,70,7,2606386,0,Khách hàng tiềm năng
294,21,14,2453630,0,Khách hàng tiềm năng
622,66,8,1253640,0,Khách hàng tiềm năng
78,6,11,4152293,0,Khách hàng tiềm năng
349,152,2,192549,2,Khách hàng nguy cơ mất
159,3,22,2000808,1,Khách hàng VIP
412,70,12,585744,0,Khách hàng tiềm năng
37,26,20,7664252,1,Khách hàng VIP
352,4,12,5734059,1,Khách hàng VIP
370,177,1,469938,2,Khách hàng nguy cơ mất
315,220,5,908401,2,Khách hàng nguy cơ mất
9,1,28,5482805,1,Khách hàng VIP
688,74,13,2234658,0,Khách hàng tiềm năng
63,235,5,849003,2,Khách hàng nguy cơ mất
58,1,39,5844549,3,Khách hàng VIP
432,22,23,3228080,1,Khách hàng VIP
464,139,1,290415,2,Khách hàng nguy cơ mất
362,302,2,581566,2,Khách hàng nguy cơ mất
319,113,5,655197,2,Khách hàng nguy cơ mất
164,23,26,2376137,1,Khách hàng VIP
306,9,27,6044781,1,Khách hàng VIP
467,66,7,806203,0,Khách hàng tiềm năng
423,77,7,2093511,0,Khách hàng tiềm năng
132,220,1,976818,2,Khách hàng nguy cơ mất
518,74,12,1445868,0,Khách hàng tiềm năng
453,49,6,1111862,0,Khách hàng tiềm năng
426,76,11,1339023,0,Khách hàng tiềm năng
97,252,4,797249,2,Khách hàng nguy cơ mất
118,22,29,19809141,3,Khách hàng VIP
551,60,11,958949,0,Khách hàng tiềm năng
496,278,2,506202,2,Khách hàng nguy cơ mất
323,19,15,5003621,1,Khách hàng VIP
314,26,17,2373219,0,Khách hàng tiềm năng
81,15,34,15436230,3,Khách hàng VIP
217,35,6,707286,0,Khách hàng tiềm năng
320,59,8,1866537,0,Khách hàng tiềm năng
181,9,20,2535737,0,Khách hàng tiềm năng
331,56,11,1258020,0,Khách hàng tiềm năng
191,154,4,146548,2,Khách hàng nguy cơ mất
84,7,42,13764714,3,Khách hàng VIP
180,286,3,473570,2,Khách hàng nguy cơ mất
130,4,26,5842856,1,Khách hàng VIP
6,2,25,10838025,1,Khách hàng VIP
47,65,9,2363494,0,Khách hàng tiềm năng
56,292,2,345201,2,Khách hàng nguy cơ mất
216,33,12,1757681,0,Khách hàng tiềm năng
175,75,4,1512502,0,Khách hàng tiềm năng
252,6,25,3871183,1,Khách hàng VIP
291,19,28,7947967,3,Khách hàng VIP
782,79,11,1026766,0,Khách hàng tiềm năng
88,12,25,2085891,1,Khách hàng VIP
250,61,4,1156275,0,Khách hàng tiềm năng
488,123,5,910781,2,Khách hàng nguy cơ mất
670,37,3,670025,0,Khách hàng tiềm năng
448,41,8,2897560,0,Khách hàng tiềm năng
7,91,8,1604634,0,Khách hàng tiềm năng
229,244,3,414095,2,Khách hàng nguy cơ mất
204,147,4,267859,2,Khách hàng nguy cơ mất
131,303,2,869425,2,Khách hàng nguy cơ mất
102,178,4,134005,2,Khách hàng nguy cơ mất
41,120,5,169737,0,Khách hàng tiềm năng
707,97,6,1634616,0,Khách hàng tiềm năng
153,174,3,753797,2,Khách hàng nguy cơ mất
128,37,25,4858621,1,Khách hàng VIP
243,27,24,4957187,1,Khách hàng VIP
76,72,4,1649081,0,Khách hàng tiềm năng
389,87,10,876527,0,Khách hàng tiềm năng
522,67,11,2979215,0,Khách hàng tiềm năng
138,95,4,378341,0,Khách hàng tiềm năng
177,10,24,18898814,3,Khách hàng VIP
624,75,8,2395961,0,Khách hàng tiềm năng
6,93,8,1930709,0,Khách hàng tiềm năng
86,17,35,5681695,1,Khách hàng VIP
386,216,3,641323,2,Khách hàng nguy cơ mất
450,128,3,391219,2,Khách hàng nguy cơ mất
258,26,11,2101685,0,Khách hàng tiềm năng
331,252,3,276255,2,Khách hàng nguy cơ mất
54,15,26,6667962,1,Khách hàng VIP
4,138,2,366232,2,Khách hàng nguy cơ mất
444,44,23,7014955,1,Khách hàng VIP
478,17,18,3089683,1,Khách hàng VIP
22,20,16,2236757,0,Khách hàng tiềm năng
113,17,57,17990958,3,Khách hàng VIP
284,87,9,1744871,0,Khách hàng tiềm năng
530,58,7,1070250,0,Khách hàng tiềm năng
301,61,3,1399562,0,Khách hàng tiềm năng
174,17,26,17935455,3,Khách hàng VIP
83,32,5,509575,0,Khách hàng tiềm năng
390,32,18,7517186,1,Khách hàng VIP
62,118,2,724920,0,Khách hàng tiềm năng
18,10,45,15087776,3,Khách hàng VIP
224,40,16,3893764,1,Khách hàng VIP
645,42,11,2098466,0,Khách hàng tiềm năng
86,28,21,6970815,1,Khách hàng VIP
86,230,4,925319,2,Khách hàng nguy cơ mất
229,39,15,7341290,1,Khách hàng VIP
12,235,2,475710,2,Khách hàng nguy cơ mất
620,88,10,1575439,0,Khách hàng tiềm năng
470,30,28,5978283,1,Khách hàng VIP
31,4,40,16422659,3,Khách hàng VIP
242,65,4,2516769,0,Khách hàng tiềm năng
24,60,7,1888239,0,Khách hàng tiềm năng
296,76,9,2381817,0,Khách hàng tiềm năng
15,20,14,7963090,1,Khách hàng VIP
115,73,11,1320637,0,Khách hàng tiềm năng
127,37,14,3928974,1,Khách hàng VIP
361,34,13,6543861,1,Khách hàng VIP
414,90,6,887106,0,Khách hàng tiềm năng
2,61,4,1127980,0,Khách hàng tiềm năng
81,126,5,448439,2,Khách hàng nguy cơ mất
491,33,4,2299898,0,Khách hàng tiềm năng
142,18,22,6095703,1,Khách hàng VIP
430,27,15,4858014,1,Khách hàng VIP
147,13,24,15073597,3,Khách hàng VIP
611,91,3,698124,0,Khách hàng tiềm năng
161,3,24,2281111,1,Khách hàng VIP
83,2,26,14413371,1,Khách hàng VIP
48,11,54,10643893,3,Khách hàng VIP
269,3,21,2008121,1,Khách hàng VIP
155,6,43,11052242,3,Khách hàng VIP
74,47,10,2903859,0,Khách hàng tiềm năng
541,62,6,1854400,0,Khách hàng tiềm năng
502,32,8,1795809,0,Khách hàng tiềm năng
704,52,10,992765,0,Khách hàng tiềm năng
504,39,12,1286085,0,Khách hàng tiềm năng
133,186,3,495543,2,Khách hàng nguy cơ mất
301,1,12,5469790,0,Khách hàng tiềm năng
267,240,2,452525,2,Khách hàng nguy cơ mất
179,4,30,8873665,3,Khách hàng VIP
349,40,10,2416920,0,Khách hàng tiềm năng
258,245,4,326497,2,Khách hàng nguy cơ mất
252,59,7,1077448,0,Khách hàng tiềm năng
618,68,10,2103949,0,Khách hàng tiềm năng
122,154,2,862850,2,Khách hàng nguy cơ mất
329,33,27,5279462,1,Khách hàng VIP
147,7,14,5315005,0,Khách hàng tiềm năng
689,103,6,1723306,0,Khách hàng tiềm năng
463,254,3,583408,2,Khách hàng nguy cơ mất
352,101,5,1833886,0,Khách hàng tiềm năng
475,205,1,847524,2,Khách hàng nguy cơ mất
743,102,6,2737584,0,Khách hàng tiềm năng
402,10,16,3506008,1,Khách hàng VIP
583,94,4,2672002,0,Khách hàng tiềm năng
44,20,23,4251979,1,Khách hàng VIP
638,76,7,765325,0,Khách hàng tiềm năng
369,56,7,2481656,0,Khách hàng tiềm năng
777,64,4,1650256,0,Khách hàng tiềm năng
113,38,20,2461172,1,Khách hàng VIP
236,49,15,7012881,1,Khách hàng VIP
401,179,5,989550,2,Khách hàng nguy cơ mất
630,37,5,1019559,0,Khách hàng tiềm năng
109,10,24,2433898,1,Khách hàng VIP
231,4,15,4206715,1,Khách hàng VIP
461,46,18,7838468,1,Khách hàng VIP
171,47,18,4161403,1,Khách hàng VIP
367,13,20,5999602,1,Khách hàng VIP
281,103,4,1687927,0,Khách hàng tiềm năng
181,3,48,19700488,3,Khách hàng VIP
664,27,13,1606839,0,Khách hàng tiềm năng
422,8,21,6552657,1,Khách hàng VIP
120,60,6,1574578,0,Khách hàng tiềm năng
494,42,9,1607599,0,Khách hàng tiềm năng
254,96,5,2628722,0,Khách hàng tiềm năng
723,37,5,1506963,0,Khách hàng tiềm năng
343,137,3,525785,2,Khách hàng nguy cơ mất
224,91,9,2421910,0,Khách hàng tiềm năng
375,79,6,880570,0,Khách hàng tiềm năng
97,27,21,7075528,1,Khách hàng VIP
268,61,3,1025690,0,Khách hàng tiềm năng
262,9,24,3593496,1,Khách hàng VIP
604,106,3,2300933,0,Khách hàng tiềm năng
478,74,8,2178261,0,Khách hàng tiềm năng
178,46,19,7459658,1,Khách hàng VIP
100,83,3,503570,2,Khách hàng nguy cơ mất
404,86,12,2749031,0,Khách hàng tiềm năng
105,5,52,7439254,3,Khách hàng VIP
126,19,40,11222292,3,Khách hàng VIP
498,185,2,334727,2,Khách hàng nguy cơ mất
140,44,4,1668468,0,Khách hàng tiềm năng
156,15,19,2325992,1,Khách hàng VIP
119,228,1,963850,2,Khách hàng nguy cơ mất
483,32,17,6525489,1,Khách hàng VIP
114,34,13,2703243,0,Khách hàng tiềm năng
183,145,4,463881,2,Khách hàng nguy cơ mất
10,39,25,2835180,1,Khách hàng VIP
794,45,10,2127069,0,Khách hàng tiềm năng
140,22,41,19310765,3,Khách hàng VIP
477,162,3,353398,2,Khách hàng nguy cơ mất
641,51,4,2945663,0,Khách hàng tiềm năng
300,126,3,310055,0,Khách hàng tiềm năng
77,249,1,331966,2,Khách hàng nguy cơ mất
483,96,5,2065648,0,Khách hàng tiềm năng
695,75,8,2851599,0,Khách hàng tiềm năng
318,170,3,309335,2,Khách hàng nguy cơ mất
13,52,5,2361105,0,Khách hàng tiềm năng
296,216,4,652639,2,Khách hàng nguy cơ mất
194,52,11,1997527,0,Khách hàng tiềm năng
161,64,10,827202,0,Khách hàng tiềm năng
10,1,40,9789704,3,Khách hàng VIP
197,173,4,650934,2,Khách hàng nguy cơ mất
729,35,4,1902875,0,Khách hàng tiềm năng
83,40,14,2053179,0,Khách hàng tiềm năng
112,35,13,2937717,0,Khách hàng tiềm năng
643,61,3,1718669,0,Khách hàng tiềm năng
92,35,13,2857101,0,Khách hàng tiềm năng
56,97,6,746367,0,Khách hàng tiềm năng
427,23,24,7355349,1,Khách hàng VIP
245,23,11,1554435,0,Khách hàng tiềm năng
163,77,9,2831259,0,Khách hàng tiềm năng
129,13,32,17970835,3,Khách hàng VIP
477,32,10,1652171,0,Khách hàng tiềm năng
124,22,17,7575368,1,Khách hàng VIP
392,54,5,2323803,0,Khách hàng tiềm năng
145,49,4,1817042,0,Khách hàng tiềm năng
265,63,9,1529866,0,Khách hàng tiềm năng
367,244,5,580157,2,Khách hàng nguy cơ mất
167,53,11,1800809,0,Khách hàng tiềm năng
223,48,8,977764,0,Khách hàng tiềm năng
496,16,20,5609323,1,Khách hàng VIP
16,31,19,7281888,1,Khách hàng VIP
283,326,1,697937,2,Khách hàng nguy cơ mất
563,37,12,2286755,0,Khách hàng tiềm năng
158,5,56,16327058,3,Khách hàng VIP
360,25,11,1760658,0,Khách hàng tiềm năng
290,87,11,1915807,0,Khách hàng tiềm năng
143,26,10,1282111,0,Khách hàng tiềm năng
435,30,24,3989388,1,Khách hàng VIP
317,4,26,5785530,1,Khách hàng VIP
730,24,10,2218592,0,Khách hàng tiềm năng
250,260,5,964770,2,Khách hàng nguy cơ mất
398,30,18,7705571,1,Khách hàng VIP
195,7,53,12109424,3,Khách hàng VIP
286,284,3,644976,2,Khách hàng nguy cơ mất
171,30,6,2527761,0,Khách hàng tiềm năng
211,28,14,6933079,1,Khách hàng VIP
96,11,49,13754841,3,Khách hàng VIP
302,34,10,1851914,0,Khách hàng tiềm năng
8,158,3,209456,2,Khách hàng nguy cơ mất
156,17,22,7010228,1,Khách hàng VIP
220,36,27,3771808,1,Khách hàng VIP
305,268,3,825116,2,Khách hàng nguy cơ mất
278,5,15,4747974,1,Khách hàng VIP
358,300,1,973068,2,Khách hàng nguy cơ mất
469,21,19,3345760,1,Khách hàng VIP
719,68,12,2010434,0,Khách hàng tiềm năng
374,267,3,434275,2,Khách hàng nguy cơ mất
601,36,5,1880845,0,Khách hàng tiềm năng
248,7,20,4784570,1,Khách hàng VIP
354,1,16,3140645,1,Khách hàng VIP
178,20,49,12381744,3,Khách hàng VIP
191,21,13,7796285,1,Khách hàng VIP
379,28,24,3930019,1,Khách hàng VIP
779,55,8,1025930,0,Khách hàng tiềm năng
209,158,2,466177,2,Khách hàng nguy cơ mất
589,56,3,1829832,0,Khách hàng tiềm năng
147,276,3,601497,2,Khách hàng nguy cơ mất
325,43,6,597032,0,Khách hàng tiềm năng
122,100,3,2341986,0,Khách hàng tiềm năng
327,198,2,191417,2,Khách hàng nguy cơ mất
286,84,8,2529919,0,Khách hàng tiềm năng
640,69,12,901783,0,Khách hàng tiềm năng
465,14,22,3382499,1,Khách hàng VIP
142,13,27,8429642,1,Khách hàng VIP
19,110,1,933901,0,Khách hàng tiềm năng
731,93,7,1313545,2,Khách hàng nguy cơ mất
166,47,7,1705563,0,Khách hàng tiềm năng
222,47,13,5909838,1,Khách hàng VIP
437,27,25,3242454,1,Khách hàng VIP
708,101,5,1851527,0,Khách hàng tiềm năng
101,44,9,1623958,0,Khách hàng tiềm năng
705,41,13,2688408,0,Khách hàng tiềm năng
416,31,17,3694872,1,Khách hàng VIP
95,31,26,5951243,1,Khách hàng VIP
225,51,6,1163968,0,Khách hàng tiềm năng
570,28,8,2737712,0,Khách hàng tiềm năng
405,205,2,541961,2,Khách hàng nguy cơ mất
88,22,34,19256172,3,Khách hàng VIP
41,10,58,19799593,3,Khách hàng VIP
304,158,2,504711,2,Khách hàng nguy cơ mất
436,105,4,201346,0,Khách hàng tiềm năng
131,5,51,19995765,3,Khách hàng VIP
303,89,10,2193251,0,Khách hàng tiềm năng
459,80,5,978193,0,Khách hàng tiềm năng
396,46,8,2695631,0,Khách hàng tiềm năng
357,183,2,288477,2,Khách hàng nguy cơ mất
646,49,5,822591,0,Khách hàng tiềm năng
800,58,6,2678333,0,Khách hàng tiềm năng
164,2,53,10258813,3,Khách hàng VIP
26,32,5,2138589,0,Khách hàng tiềm năng
91,10,13,6442856,1,Khách hàng VIP
510,93,8,2277804,0,Khách hàng tiềm năng
91,270,3,578941,2,Khách hàng nguy cơ mất
399,196,4,484705,2,Khách hàng nguy cơ mất
144,258,4,589189,2,Khách hàng nguy cơ mất
663,43,10,2137267,0,Khách hàng tiềm năng
80,97,6,902461,0,Khách hàng tiềm năng
141,78,9,1213949,0,Khách hàng tiềm năng
149,36,15,2857255,0,Khách hàng tiềm năng
447,303,1,813906,2,Khách hàng nguy cơ mất
372,37,16,2072618,0,Khách hàng tiềm năng
219,82,7,1350557,0,Khách hàng tiềm năng
278,30,8,1567781,0,Khách hàng tiềm năng
416,143,1,962821,2,Khách hàng nguy cơ mất
770,33,11,1672943,0,Khách hàng tiềm năng
94,145,2,630344,2,Khách hàng nguy cơ mất
619,41,12,558582,0,Khách hàng tiềm năng
347,179,4,400343,2,Khách hàng nguy cơ mất
136,11,53,17744710,3,Khách hàng VIP
259,20,24,6620949,1,Khách hàng VIP
176,3,20,7351232,1,Khách hàng VIP
644,103,5,1410302,0,Khách hàng tiềm năng
134,24,24,5886904,1,Khách hàng VIP
461,71,13,2770209,0,Khách hàng tiềm năng
263,235,5,636524,2,Khách hàng nguy cơ mất
759,50,3,2562837,0,Khách hàng tiềm năng
118,23,11,2090264,0,Khách hàng tiềm năng
416,77,6,1412618,0,Khách hàng tiềm năng
307,43,6,1499298,0,Khách hàng tiềm năng
359,207,3,701074,2,Khách hàng nguy cơ mất
457,141,2,157811,0,Khách hàng tiềm năng
353,123,4,181526,2,Khách hàng nguy cơ mất
212,45,8,1482097,0,Khách hàng tiềm năng
432,98,4,628630,0,Khách hàng tiềm năng
427,45,9,2412766,0,Khách hàng tiềm năng
129,9,25,3356173,1,Khách hàng VIP
549,64,11,781523,0,Khách hàng tiềm năng
119,43,11,4417239,1,Khách hàng VIP
192,208,4,289934,2,Khách hàng nguy cơ mất
660,73,7,666013,0,Khách hàng tiềm năng
235,245,4,342421,2,Khách hàng nguy cơ mất
167,4,52,11562123,3,Khách hàng VIP
12,19,47,19259107,3,Khách hàng VIP
429,192,5,488532,2,Khách hàng nguy cơ mất
171,1,23,16754795,3,Khách hàng VIP
450,36,17,7255298,1,Khách hàng VIP
363,49,6,696340,0,Khách hàng tiềm năng
61,28,19,7123771,1,Khách hàng VIP
668,75,11,1705890,0,Khách hàng tiềm năng
51,173,2,315648,2,Khách hàng nguy cơ mất
203,64,8,1187975,0,Khách hàng tiềm năng
473,21,11,4535775,1,Khách hàng VIP
59,19,15,3202847,0,Khách hàng tiềm năng
146,44,9,642747,0,Khách hàng tiềm năng
169,55,4,2914426,0,Khách hàng tiềm năng
302,195,5,629915,2,Khách hàng nguy cơ mất
138,9,38,11758162,3,Khách hàng VIP
195,51,11,679338,0,Khách hàng tiềm năng
340,239,2,979468,2,Khách hàng nguy cơ mất
350,5,11,5561365,1,Khách hàng VIP
120,19,23,3771742,1,Khách hàng VIP
29,227,4,840725,2,Khách hàng nguy cơ mất
308,321,1,711557,2,Khách hàng nguy cơ mất
479,82,8,905458,0,Khách hàng tiềm năng
359,15,27,5128757,1,Khách hàng VIP
139,25,24,6937391,1,Khách hàng VIP
237,197,2,703237,2,Khách hàng nguy cơ mất
332,21,18,2994498,1,Khách hàng VIP
25,30,11,3366498,1,Khách hàng VIP
25,55,8,1818949,0,Khách hàng tiềm năng
88,75,3,1925468,0,Khách hàng tiềm năng
220,151,2,750485,2,Khách hàng nguy cơ mất
309,77,7,2105275,0,Khách hàng tiềm năng
210,47,15,4499026,1,Khách hàng VIP
126,8,21,7436666,1,Khách hàng VIP
268,247,2,238576,2,Khách hàng nguy cơ mất
100,22,23,4925766,1,Khách hàng VIP
564,59,11,2844261,0,Khách hàng tiềm năng
448,196,1,235138,2,Khách hàng nguy cơ mất
25,19,30,13242933,3,Khách hàng VIP
361,259,4,798525,2,Khách hàng nguy cơ mất
16,69,5,1364067,0,Khách hàng tiềm năng
311,97,7,816160,0,Khách hàng tiềm năng
193,14,47,10185009,3,Khách hàng VIP
241,40,24,2746210,1,Khách hàng VIP
374,18,17,4142176,1,Khách hàng VIP
248,84,6,594461,0,Khách hàng tiềm năng
299,71,3,517741,0,Khách hàng tiềm năng
304,7,13,5815728,0,Khách hàng tiềm năng
406,35,25,3442393,1,Khách hàng VIP
219,200,4,199947,2,Khách hàng nguy cơ mất
465,80,3,1929743,0,Khách hàng tiềm năng
289,267,1,350129,2,Khách hàng nguy cơ mất
148,64,11,1048473,0,Khách hàng tiềm năng
3,13,55,17396861,3,Khách hàng VIP
588,45,10,799399,0,Khách hàng tiềm năng
524,79,12,1026321,0,Khách hàng tiềm năng
268,19,27,4230435,1,Khách hàng VIP
122,5,15,3686026,1,Khách hàng VIP
5,4,24,18432848,3,Khách hàng VIP
23,42,16,4853276,1,Khách hàng VIP
676,83,8,1038109,0,Khách hàng tiềm năng
348,32,19,3557250,1,Khách hàng VIP
29,16,16,5200319,0,Khách hàng tiềm năng
39,11,26,6220231,1,Khách hàng VIP
343,3,20,7708578,1,Khách hàng VIP
43,19,18,5532389,1,Khách hàng VIP
200,79,11,548503,0,Khách hàng tiềm năng
435,92,7,714485,0,Khách hàng tiềm năng
750,51,8,1409028,0,Khách hàng tiềm năng
371,217,3,787051,2,Khách hàng nguy cơ mất
144,52,7,745111,0,Khách hàng tiềm năng
720,29,3,802401,0,Khách hàng tiềm năng
156,153,5,984917,2,Khách hàng nguy cơ mất
472,150,4,145191,2,Khách hàng nguy cơ mất
462,19,14,3356751,1,Khách hàng VIP
512,78,7,2649369,0,Khách hàng tiềm năng
115,18,12,6767093,1,Khách hàng VIP
492,40,17,5502636,1,Khách hàng VIP
6,133,4,906147,2,Khách hàng nguy cơ mất
225,17,23,5868995,1,Khách hàng VIP
395,17,23,4354749,1,Khách hàng VIP
466,295,2,796272,2,Khách hàng nguy cơ mất
423,7,16,3694976,1,Khách hàng VIP
472,62,12,676151,0,Khách hàng tiềm năng
345,98,4,2053768,0,Khách hàng tiềm năng
28,19,20,6332859,1,Khách hàng VIP
419,74,8,686071,0,Khách hàng tiềm năng
633,93,6,1208767,0,Khách hàng tiềm năng
617,41,12,2909790,0,Khách hàng tiềm năng
66,3,44,9285681,3,Khách hàng VIP
24,11,29,5863381,1,Khách hàng VIP
144,7,36,14271923,3,Khách hàng VIP
337,22,20,7887155,1,Khách hàng VIP
113,37,4,1080724,0,Khách hàng tiềm năng
768,76,8,1475941,0,Khách hàng tiềm năng
85,9,24,18517370,3,Khách hàng VIP
163,287,3,774573,2,Khách hàng nguy cơ mất
148,238,4,286156,2,Khách hàng nguy cơ mất
307,173,4,363552,2,Khách hàng nguy cơ mất
320,268,1,558101,2,Khách hàng nguy cơ mất
79,199,1,185487,2,Khách hàng nguy cơ mất
446,57,10,522913,0,Khách hàng tiềm năng
163,12,16,6241858,1,Khách hàng VIP
114,260,5,935172,2,Khách hàng nguy cơ mất
368,153,3,841107,2,Khách hàng nguy cơ mất
328,48,4,2837055,0,Khách hàng tiềm năng
332,52,11,1573619,0,Khách hàng tiềm năng
605,73,6,1611199,0,Khách hàng tiềm năng
657,87,11,1816487,0,Khách hàng tiềm năng
233,113,1,394792,2,Khách hàng nguy cơ mất
466,45,12,2008842,0,Khách hàng tiềm năng
165,45,14,7036030,1,Khách hàng VIP
77,2,44,13307814,3,Khách hàng VIP
27,12,37,18315562,3,Khách hàng VIP
738,98,7,2525647,0,Khách hàng tiềm năng
326,38,17,3648222,0,Khách hàng tiềm năng
337,168,1,595265,2,Khách hàng nguy cơ mất
55,21,41,12389376,3,Khách hàng VIP
439,8,15,2414045,0,Khách hàng tiềm năng
103,2,20,4442638,1,Khách hàng VIP
20,97,7,829273,0,Khách hàng tiềm năng
425,37,23,7364565,1,Khách hàng VIP
7,19,41,5162564,3,Khách hàng VIP
105,37,11,1217116,0,Khách hàng tiềm năng
351,78,12,1442026,0,Khách hàng tiềm năng
137,28,19,5018503,1,Khách hàng VIP
47,11,56,16300672,3,Khách hàng VIP
266,114,5,169883,2,Khách hàng nguy cơ mất
106,10,42,18663907,3,Khách hàng VIP
150,25,25,6652076,1,Khách hàng VIP
381,70,12,2590296,0,Khách hàng tiềm năng
39,17,13,4776053,1,Khách hàng VIP
14,29,24,4410672,1,Khách hàng VIP
278,131,1,426063,2,Khách hàng nguy cơ mất
440,53,11,1391807,0,Khách hàng tiềm năng
95,30,11,1519735,0,Khách hàng tiềm năng
89,230,3,227645,2,Khách hàng nguy cơ mất
85,277,3,502788,2,Khách hàng nguy cơ mất
174,124,2,485508,2,Khách hàng nguy cơ mất
324,19,20,6077721,1,Khách hàng VIP
33,34,24,2748924,1,Khách hàng VIP
445,5,17,3993146,1,Khách hàng VIP
10,219,3,977385,2,Khách hàng nguy cơ mất
334,43,11,3255112,0,Khách hàng tiềm năng
444,236,1,195018,2,Khách hàng nguy cơ mất
404,34,11,4151470,0,Khách hàng tiềm năng
631,80,8,1760175,0,Khách hàng tiềm năng
376,67,9,2166772,0,Khách hàng tiềm năng
606,40,5,1140730,0,Khách hàng tiềm năng
60,9,41,6762893,3,Khách hàng VIP
565,38,8,2780636,0,Khách hàng tiềm năng
92,16,48,9160717,3,Khách hàng VIP
467,47,20,6376068,1,Khách hàng VIP
81,13,22,3264229,1,Khách hàng VIP
415,48,9,957307,0,Khách hàng tiềm năng
160,26,16,5066774,1,Khách hàng VIP
430,81,5,2120255,0,Khách hàng tiềm năng
471,29,5,1704987,0,Khách hàng tiềm năng
149,74,9,1660875,0,Khách hàng tiềm năng
24,120,2,990265,2,Khách hàng nguy cơ mất
110,7,37,14201227,3,Khách hàng VIP
42,1,52,10614061,3,Khách hàng VIP
125,9,47,12030397,3,Khách hàng VIP
5,26,12,3621486,0,Khách hàng tiềm năng
52,20,50,11363330,3,Khách hàng VIP
346,36,17,7886862,1,Khách hàng VIP
68,2,33,8353937,1,Khách hàng VIP
243,222,2,202645,2,Khách hàng nguy cơ mất
50,228,3,216043,2,Khách hàng nguy cơ mất
183,19,50,9931274,3,Khách hàng VIP
137,16,44,8710221,3,Khách hàng VIP
201,59,8,1317516,0,Khách hàng tiềm năng
98,83,10,1260768,0,Khách hàng tiềm năng
132,3,24,19949552,3,Khách hàng VIP
80,18,53,14440979,3,Khách hàng VIP
489,184,3,381651,2,Khách hàng nguy cơ mất
43,168,4,449244,2,Khách hàng nguy cơ mất
342,30,16,3181554,0,Khách hàng tiềm năng
171,242,5,620830,2,Khách hàng nguy cơ mất
285,22,11,1275085,0,Khách hàng tiềm năng
165,20,35,13848765,3,Khách hàng VIP
49,27,23,5067652,1,Khách hàng VIP
247,18,21,2059542,1,Khách hàng VIP
17,267,3,486894,2,Khách hàng nguy cơ mất
160,53,7,1692865,0,Khách hàng tiềm năng
513,84,4,1645633,0,Khách hàng tiềm năng
97,11,28,6166019,1,Khách hàng VIP
476,336,1,419904,2,Khách hàng nguy cơ mất
39,35,5,2508030,0,Khách hàng tiềm năng
557,76,6,926920,0,Khách hàng tiềm năng
102,7,39,9642914,3,Khách hàng VIP
235,17,15,3605556,0,Khách hàng tiềm năng
74,16,39,12915516,3,Khách hàng VIP
294,300,3,742709,2,Khách hàng nguy cơ mất
536,52,4,1899726,0,Khách hàng tiềm năng
220,62,6,2639812,0,Khách hàng tiềm năng
214,109,4,862808,0,Khách hàng tiềm năng
173,95,5,937505,0,Khách hàng tiềm năng
123,254,4,289612,2,Khách hàng nguy cơ mất
64,84,5,1076836,0,Khách hàng tiềm năng
291,69,5,2408237,0,Khách hàng tiềm năng
189,41,24,6278276,1,Khách hàng VIP
36,5,26,7262543,1,Khách hàng VIP
9,222,1,158541,2,Khách hàng nguy cơ mất
68,1,13,5062594,1,Khách hàng VIP
489,77,11,1162040,0,Khách hàng tiềm năng
117,5,29,17158299,3,Khách hàng VIP
109,216,2,688875,2,Khách hàng nguy cơ mất
474,20,17,3817585,0,Khách hàng tiềm năng
50,30,22,4953952,1,Khách hàng VIP
754,61,12,939288,0,Khách hàng tiềm năng
497,291,3,962664,2,Khách hàng nguy cơ mất
94,20,26,11955476,3,Khách hàng VIP
33,22,37,6516840,3,Khách hàng VIP
765,56,10,2285297,0,Khách hàng tiềm năng
170,124,2,813694,0,Khách hàng tiềm năng
249,19,13,7780995,1,Khách hàng VIP
18,57,9,1115870,0,Khách hàng tiềm năng
312,261,2,786417,2,Khách hàng nguy cơ mất
20,234,3,642977,2,Khách hàng nguy cơ mất
0,9,41,6546858,1,Khách hàng VIP
677,44,13,2654062,0,Khách hàng tiềm năng
403,50,9,1117413,0,Khách hàng tiềm năng
410,39,11,827536,0,Khách hàng tiềm năng
528,95,3,2450210,0,Khách hàng tiềm năng
82,8,34,11818115,3,Khách hàng VIP
590,66,9,1211279,0,Khách hàng tiềm năng
477,27,25,6900676,1,Khách hàng VIP
423,310,2,715788,2,Khách hàng nguy cơ mất
348,83,13,2578114,0,Khách hàng tiềm năng
72,59,10,1343397,0,Khách hàng tiềm năng
449,203,1,693758,2,Khách hàng nguy cơ mất
582,66,9,2032925,0,Khách hàng tiềm năng
83,232,3,242319,2,Khách hàng nguy cơ mất
790,93,5,1349151,0,Khách hàng tiềm năng
205,2,16,3253296,0,Khách hàng tiềm năng
230,148,2,508467,2,Khách hàng nguy cơ mất
600,29,12,1301656,0,Khách hàng tiềm năng
642,59,6,896300,0,Khách hàng tiềm năng
104,20,48,15270967,3,Khách hàng VIP
489,28,28,6255924,1,Khách hàng VIP
607,30,9,976033,0,Khách hàng tiềm năng
128,29,13,1757833,0,Khách hàng tiềm năng
62,21,28,16190673,3,Khách hàng VIP
154,84,9,1334260,0,Khách hàng tiềm năng
655,86,9,578033,0,Khách hàng tiềm năng
24,41,11,5258147,0,Khách hàng tiềm năng
145,1,42,10372440,3,Khách hàng VIP
390,27,11,2831620,0,Khách hàng tiềm năng
174,31,25,3880087,1,Khách hàng VIP
722,62,12,1818277,0,Khách hàng tiềm năng
444,61,10,1091582,0,Khách hàng tiềm năng
329,123,1,167745,2,Khách hàng nguy cơ mất
796,40,4,1841025,0,Khách hàng tiềm năng
104,168,3,104180,2,Khách hàng nguy cơ mất
572,49,13,2648312,0,Khách hàng tiềm năng
9,18,26,6369300,1,Khách hàng VIP
250,4,18,5114193,1,Khách hàng VIP
10,73,11,2733774,0,Khách hàng tiềm năng
56,24,15,6587166,1,Khách hàng VIP
184,29,4,898487,0,Khách hàng tiềm năng
190,10,26,5998312,1,Khách hàng VIP
210,102,5,1830900,0,Khách hàng tiềm năng
226,98,8,2418083,0,Khách hàng tiềm năng
206,292,1,885732,2,Khách hàng nguy cơ mất
534,97,6,1754838,0,Khách hàng tiềm năng
261,32,15,2721243,1,Khách hàng VIP
571,94,5,2930133,0,Khách hàng tiềm năng
262,199,1,706052,2,Khách hàng nguy cơ mất
470,70,4,1525059,0,Khách hàng tiềm năng
260,65,5,1229667,0,Khách hàng tiềm năng
302,11,24,2881776,1,Khách hàng VIP
41,60,6,2352208,0,Khách hàng tiềm năng
352,157,5,934538,2,Khách hàng nguy cơ mất
170,59,4,1038172,0,Khách hàng tiềm năng
33,25,12,1379274,0,Khách hàng tiềm năng
340,44,15,3451862,1,Khách hàng VIP
503,79,7,1654516,0,Khách hàng tiềm năng
498,31,26,6286544,1,Khách hàng VIP
694,105,4,2266606,0,Khách hàng tiềm năng
678,63,13,2855463,0,Khách hàng tiềm năng
447,28,7,1003497,0,Khách hàng tiềm năng
333,100,6,1676764,0,Khách hàng tiềm năng
173,29,13,7056271,1,Khách hàng VIP
468,19,12,7801072,1,Khách hàng VIP
28,152,3,858024,0,Khách hàng tiềm năng
158,16,22,3905520,1,Khách hàng VIP
269,83,13,1914721,0,Khách hàng tiềm năng
85,98,6,2846119,0,Khách hàng tiềm năng
37,27,8,1044452,0,Khách hàng tiềm năng
337,63,9,1101781,0,Khách hàng tiềm năng
272,30,8,1507596,0,Khách hàng tiềm năng
27,204,4,320217,2,Khách hàng nguy cơ mất
788,31,7,835506,0,Khách hàng tiềm năng
26,205,3,998005,2,Khách hàng nguy cơ mất
792,35,12,1893561,0,Khách hàng tiềm năng
145,194,4,314436,2,Khách hàng nguy cơ mất
554,57,8,1457911,0,Khách hàng tiềm năng
196,239,1,609567,2,Khách hàng nguy cơ mất
252,236,4,257657,2,Khách hàng nguy cơ mất
538,27,10,1762332,0,Khách hàng tiềm năng
187,60,4,917375,0,Khách hàng tiềm năng
79,3,49,12846467,3,Khách hàng VIP
474,56,7,1311266,0,Khách hàng tiềm năng
116,51,10,782101,0,Khách hàng tiềm năng
587,95,3,2763955,0,Khách hàng tiềm năng
472,31,12,7090552,1,Khách hàng VIP
34,147,2,883802,2,Khách hàng nguy cơ mất
57,5,45,12029909,3,Khách hàng VIP
133,9,26,13331475,3,Khách hàng VIP
442,69,7,2588929,0,Khách hàng tiềm năng
235,87,3,1774962,0,Khách hàng tiềm năng
187,118,3,121565,2,Khách hàng nguy cơ mất
125,89,8,636862,0,Khách hàng tiềm năng
516,91,9,1707535,0,Khách hàng tiềm năng
305,28,12,4328994,1,Khách hàng VIP
277,185,4,598060,2,Khách hàng nguy cơ mất
148,5,20,5121019,1,Khách hàng VIP
187,31,19,2026179,1,Khách hàng VIP
326,39,8,985321,0,Khách hàng tiềm năng
196,52,8,1066896,0,Khách hàng tiềm năng
130,87,4,2323100,0,Khách hàng tiềm năng
395,257,5,787611,2,Khách hàng nguy cơ mất
276,6,21,6699190,1,Khách hàng VIP
772,64,10,751549,0,Khách hàng tiềm năng
749,76,11,1511298,0,Khách hàng tiềm năng
84,205,2,874544,2,Khách hàng nguy cơ mất
453,16,21,4551369,1,Khách hàng VIP
172,13,25,10948141,3,Khách hàng VIP
451,38,7,667477,0,Khách hàng tiềm năng
38,15,45,15593633,3,Khách hàng VIP
15,24,8,825794,0,Khách hàng tiềm năng
90,3,23,11834851,1,Khách hàng VIP
439,269,3,651679,2,Khách hàng nguy cơ mất
507,98,7,1527332,0,Khách hàng tiềm năng
177,57,6,722524,0,Khách hàng tiềm năng
653,28,12,1243926,0,Khách hàng tiềm năng
392,93,4,476070,0,Khách hàng tiềm năng
395,37,4,1717706,0,Khách hàng tiềm năng
457,91,9,2795712,0,Khách hàng tiềm năng
284,226,2,713023,2,Khách hàng nguy cơ mất
461,136,4,327411,0,Khách hàng tiềm năng
300,23,20,6687931,1,Khách hàng VIP
139,46,20,5515188,1,Khách hàng VIP
490,71,8,2833982,0,Khách hàng tiềm năng
28,13,51,10263725,3,Khách hàng VIP
519,63,12,2374314,0,Khách hàng tiềm năng
701,49,10,2401161,0,Khách hàng tiềm năng
323,289,2,671522,2,Khách hàng nguy cơ mất
247,23,10,998929,0,Khách hàng tiềm năng
169,15,24,10223832,1,Khách hàng VIP
706,85,5,2261234,0,Khách hàng tiềm năng
499,67,9,2725551,0,Khách hàng tiềm năng
555,50,13,2486657,0,Khách hàng tiềm năng
116,301,1,882831,2,Khách hàng nguy cơ mất
214,96,4,1945180,0,Khách hàng tiềm năng
292,10,14,5266893,0,Khách hàng tiềm năng
255,78,12,1707665,0,Khách hàng tiềm năng
399,61,3,1709492,0,Khách hàng tiềm năng
334,72,4,893428,0,Khách hàng tiềm năng
388,34,22,3733309,1,Khách hàng VIP
52,51,8,2824804,0,Khách hàng tiềm năng
458,2,16,4499394,1,Khách hàng VIP
35,41,13,3654605,1,Khách hàng VIP
34,61,11,1858711,0,Khách hàng tiềm năng
491,241,1,550679,2,Khách hàng nguy cơ mất
135,143,1,774204,2,Khách hàng nguy cơ mất
458,83,9,1520101,0,Khách hàng tiềm năng
771,55,4,1419271,0,Khách hàng tiềm năng
726,64,12,1577457,0,Khách hàng tiềm năng
130,121,1,619229,2,Khách hàng nguy cơ mất
236,45,7,1651456,0,Khách hàng tiềm năng
511,25,8,629915,0,Khách hàng tiềm năng
367,44,10,2541983,0,Khách hàng tiềm năng
108,5,52,19246998,3,Khách hàng VIP
45,280,3,813000,2,Khách hàng nguy cơ mất
369,4,28,5390511,1,Khách hàng VIP
469,60,7,2698656,0,Khách hàng tiềm năng
476,72,3,1206668,0,Khách hàng tiềm năng
192,91,4,1540712,0,Khách hàng tiềm năng
249,79,12,2108424,0,Khách hàng tiềm năng
350,55,4,1376606,0,Khách hàng tiềm năng
654,65,12,2473226,0,Khách hàng tiềm năng
280,267,1,891475,2,Khách hàng nguy cơ mất
748,45,7,1931019,0,Khách hàng tiềm năng
186,93,9,2786873,0,Khách hàng tiềm năng
175,123,1,398254,0,Khách hàng tiềm năng
152,82,8,2348686,0,Khách hàng tiềm năng
36,25,11,2475328,0,Khách hàng tiềm năng
19,27,10,658133,0,Khách hàng tiềm năng
255,40,27,5127776,1,Khách hàng VIP
65,42,11,2374745,0,Khách hàng tiềm năng
75,17,42,19894471,3,Khách hàng VIP
160,116,4,396834,2,Khách hàng nguy cơ mất
245,9,15,5185626,1,Khách hàng VIP
196,39,19,2632189,0,Khách hàng tiềm năng
176,15,48,7206102,3,Khách hàng VIP
344,57,5,1364050,0,Khách hàng tiềm năng
238,275,2,517160,2,Khách hàng nguy cơ mất
703,62,4,2864436,0,Khách hàng tiềm năng
682,67,9,624452,0,Khách hàng tiềm năng
396,22,12,6525589,1,Khách hàng VIP
61,6,57,14738154,3,Khách hàng VIP
598,40,7,1163212,0,Khách hàng tiềm năng
174,33,10,2190232,0,Khách hàng tiềm năng
791,42,7,2269869,0,Khách hàng tiềm năng
381,227,2,937006,2,Khách hàng nguy cơ mất
79,23,19,6826623,1,Khách hàng VIP
36,8,30,6091445,1,Khách hàng VIP
478,272,4,856800,2,Khách hàng nguy cơ mất
463,14,27,3825192,1,Khách hàng VIP
456,115,4,810953,0,Khách hàng tiềm năng
746,45,8,664001,0,Khách hàng tiềm năng
279,51,3,821886,0,Khách hàng tiềm năng
74,149,1,507713,2,Khách hàng nguy cơ mất
40,27,8,1904692,0,Khách hàng tiềm năng
191,21,37,14613121,3,Khách hàng VIP
221,46,3,1586695,0,Khách hàng tiềm năng
257,15,17,2753301,0,Khách hàng tiềm năng
476,1,11,6275727,1,Khách hàng VIP
62,49,12,723349,0,Khách hàng tiềm năng
310,176,3,813251,2,Khách hàng nguy cơ mất
105,321,1,886301,2,Khách hàng nguy cơ mất
30,38,8,2235329,0,Khách hàng tiềm năng
213,19,18,3271964,1,Khách hàng VIP
400,77,7,1726122,0,Khách hàng tiềm năng
127,96,3,1704750,0,Khách hàng tiềm năng
142,271,1,589504,2,Khách hàng nguy cơ mất
417,9,17,7702755,1,Khách hàng VIP
114,14,47,5678280,3,Khách hàng VIP
218,22,26,6066879,1,Khách hàng VIP
413,88,5,919369,0,Khách hàng tiềm năng
271,61,10,598893,0,Khách hàng tiềm năng
405,13,22,5939786,1,Khách hàng VIP
421,208,1,416097,2,Khách hàng nguy cơ mất
89,11,44,18353956,3,Khách hàng VIP
150,104,4,1583127,0,Khách hàng tiềm năng
22,309,1,927643,2,Khách hàng nguy cơ mất
420,174,5,711707,2,Khách hàng nguy cơ mất
55,103,5,2758184,0,Khách hàng tiềm năng
299,18,26,5734481,1,Khách hàng VIP
578,33,11,615172,0,Khách hàng tiềm năng
627,60,7,633941,0,Khách hàng tiềm năng
11,21,48,19250929,3,Khách hàng VIP
197,23,24,6690943,1,Khách hàng VIP
85,16,14,6060927,1,Khách hàng VIP
368,103,5,2898980,0,Khách hàng tiềm năng
493,24,12,1047647,0,Khách hàng tiềm năng
247,237,3,192326,2,Khách hàng nguy cơ mất
491,13,18,6683790,1,Khách hàng VIP
255,200,2,125438,2,Khách hàng nguy cơ mất
378,172,1,207325,2,Khách hàng nguy cơ mất
490,39,17,3003927,1,Khách hàng VIP
153,62,4,1565795,0,Khách hàng tiềm năng
159,17,42,14304643,3,Khách hàng VIP
197,83,13,2828725,0,Khách hàng tiềm năng
78,123,5,776619,2,Khách hàng nguy cơ mất
58,17,16,7736282,1,Khách hàng VIP
136,20,12,7331954,1,Khách hàng VIP
382,131,2,736423,2,Khách hàng nguy cơ mất
341,56,4,1949342,0,Khách hàng tiềm năng
316,39,20,2047049,1,Khách hàng VIP
650,101,3,601464,2,Khách hàng nguy cơ mất
317,48,9,2004216,0,Khách hàng tiềm năng
70,97,5,1990159,0,Khách hàng tiềm năng
249,216,5,641230,2,Khách hàng nguy cơ mất
63,56,9,1594453,0,Khách hàng tiềm năng
548,36,5,1795999,0,Khách hàng tiềm năng
505,67,10,1952421,0,Khách hàng tiềm năng
769,77,8,1539437,0,Khách hàng tiềm năng
486,196,3,743218,2,Khách hàng nguy cơ mất
322,21,22,3451359,1,Khách hàng VIP
22,8,24,6368091,1,Khách hàng VIP
157,12,14,6491871,1,Khách hàng VIP
579,37,8,1859694,0,Khách hàng tiềm năng
614,25,12,1712146,0,Khách hàng tiềm năng
185,172,3,270420,2,Khách hàng nguy cơ mất
141,36,12,2430654,0,Khách hàng tiềm năng
232,18,20,2348551,1,Khách hàng VIP
274,12,12,2141569,1,Khách hàng VIP
18,32,17,5416264,1,Khách hàng VIP
213,61,6,949128,0,Khách hàng tiềm năng
529,80,6,2428062,0,Khách hàng tiềm năng
99,201,4,190396,2,Khách hàng nguy cơ mất
313,44,12,1405454,0,Khách hàng tiềm năng
452,259,4,695725,2,Khách hàng nguy cơ mất
93,14,33,7821817,1,Khách hàng VIP
310,66,5,1245375,0,Khách hàng tiềm năng
372,106,4,600172,0,Khách hàng tiềm năng
394,60,10,1012967,0,Khách hàng tiềm năng
417,273,1,255156,2,Khách hàng nguy cơ mất
610,63,12,2514727,0,Khách hàng tiềm năng
497,35,23,3779359,1,Khách hàng VIP
330,159,4,166024,2,Khách hàng nguy cơ mất
298,51,3,1616930,0,Khách hàng tiềm năng
153,12,28,13414069,1,Khách hàng VIP
401,39,8,799366,0,Khách hàng tiềm năng
221,113,1,340760,2,Khách hàng nguy cơ mất
500,149,1,946645,2,Khách hàng nguy cơ mất
91,92,7,2986410,0,Khách hàng tiềm năng
381,2,25,6373168,1,Khách hàng VIP
5,48,8,1240441,0,Khách hàng tiềm năng
514,85,8,1156040,0,Khách hàng tiềm năng
597,63,14,2785851,0,Khách hàng tiềm năng
168,217,4,607997,2,Khách hàng nguy cơ mất
562,91,7,1914368,0,Khách hàng tiềm năng
288,18,27,7746738,1,Khách hàng VIP
360,37,19,7863847,1,Khách hàng VIP
443,99,3,609152,0,Khách hàng tiềm năng
421,51,9,956562,0,Khách hàng tiềm năng
103,82,7,1930787,0,Khách hàng tiềm năng
313,6,17,6246328,1,Khách hàng VIP
434,25,23,3116815,1,Khách hàng VIP
424,253,3,293988,2,Khách hàng nguy cơ mất
290,301,2,901283,2,Khách hàng nguy cơ mất
48,93,4,535908,0,Khách hàng tiềm năng
452,63,6,570478,0,Khách hàng tiềm năng
92,75,6,2197929,0,Khách hàng tiềm năng
116,19,35,10646950,3,Khách hàng VIP
42,76,12,2154650,0,Khách hàng tiềm năng
193,232,3,166897,2,Khách hàng nguy cơ mất
383,82,9,1621581,0,Khách hàng tiềm năng
132,72,9,2846798,0,Khách hàng tiềm năng
119,13,29,7256253,1,Khách hàng VIP
457,36,16,2000069,0,Khách hàng tiềm năng
410,143,2,630554,2,Khách hàng nguy cơ mất
436,38,26,7130181,1,Khách hàng VIP
170,34,13,2611354,0,Khách hàng tiềm năng
69,9,20,5759555,1,Khách hàng VIP
456,1,12,6593280,1,Khách hàng VIP
237,34,11,2751900,0,Khách hàng tiềm năng
124,63,9,2973199,0,Khách hàng tiềm năng
168,33,12,2938111,1,Khách hàng VIP
46,8,39,19790015,3,Khách hàng VIP
675,83,11,1933729,0,Khách hàng tiềm năng
211,219,5,981505,2,Khách hàng nguy cơ mất
293,43,7,1071676,0,Khách hàng tiềm năng
178,69,11,1778814,0,Khách hàng tiềm năng
75,77,12,2518154,0,Khách hàng tiềm năng
521,38,3,1690141,0,Khách hàng tiềm năng
502,221,3,884145,2,Khách hàng nguy cơ mất
4,4,41,9800744,3,Khách hàng VIP
305,55,12,2889950,0,Khách hàng tiềm năng
226,232,1,821856,2,Khách hàng nguy cơ mất
64,36,20,7358541,1,Khách hàng VIP
72,177,2,276594,2,Khách hàng nguy cơ mất
333,177,3,806296,2,Khách hàng nguy cơ mất
244,35,22,4425738,1,Khách hàng VIP
304,95,4,2256573,0,Khách hàng tiềm năng
379,31,5,1966919,0,Khách hàng tiềm năng
139,92,8,1292282,0,Khách hàng tiềm năng
293,202,4,165413,2,Khách hàng nguy cơ mất
105,45,18,4092923,1,Khách hàng VIP
667,59,5,1830217,0,Khách hàng tiềm năng
60,244,3,218413,2,Khách hàng nguy cơ mất
114,42,20,5003745,1,Khách hàng VIP
149,6,45,16584775,3,Khách hàng VIP
450,48,6,1154178,0,Khách hàng tiềm năng
515,86,11,1104411,0,Khách hàng tiềm năng
375,9,28,7557164,1,Khách hàng VIP
50,24,33,16657203,3,Khách hàng VIP
55,97,4,400669,0,Khách hàng tiềm năng
28,88,7,2661007,0,Khách hàng tiềm năng
135,40,11,1876363,0,Khách hàng tiềm năng
679,72,3,1796232,0,Khách hàng tiềm năng
417,41,12,1581092,0,Khách hàng tiềm năng
468,70,8,1835090,0,Khách hàng tiềm năng
271,3,25,5878752,1,Khách hàng VIP
273,37,6,2122884,0,Khách hàng tiềm năng
454,36,20,2225426,1,Khách hàng VIP
200,33,24,4160302,1,Khách hàng VIP
312,23,19,7340846,1,Khách hàng VIP
121,34,14,3394305,0,Khách hàng tiềm năng
19,6,52,16285617,3,Khách hàng VIP
485,27,21,5543827,1,Khách hàng VIP
35,18,48,15514536,3,Khách hàng VIP
204,49,12,2773966,0,Khách hàng tiềm năng
281,310,1,135319,2,Khách hàng nguy cơ mất
129,104,3,1289839,0,Khách hàng tiềm năng
356,191,1,194056,2,Khách hàng nguy cơ mất
208,16,23,2314130,1,Khách hàng VIP
222,38,6,982099,0,Khách hàng tiềm năng
338,33,12,6758857,0,Khách hàng tiềm năng
60,45,9,2642572,0,Khách hàng tiềm năng
407,256,1,186101,2,Khách hàng nguy cơ mất
364,62,6,1391011,0,Khách hàng tiềm năng
501,66,13,2556900,0,Khách hàng tiềm năng
46,19,13,3219338,0,Khách hàng tiềm năng
718,48,3,748740,0,Khách hàng tiềm năng
429,72,10,1710461,0,Khách hàng tiềm năng
86,68,7,927714,0,Khách hàng tiềm năng
245,155,3,786569,2,Khách hàng nguy cơ mất
290,41,22,6711137,1,Khách hàng VIP
154,25,26,18149804,3,Khách hàng VIP
263,81,14,2777085,0,Khách hàng tiềm năng
155,40,5,1291171,0,Khách hàng tiềm năng
613,95,3,1465590,0,Khách hàng tiềm năng
426,9,27,7678739,1,Khách hàng VIP
486,24,25,5966085,1,Khách hàng VIP
64,302,1,861713,2,Khách hàng nguy cơ mất
370,49,13,6629761,0,Khách hàng tiềm năng
411,216,2,410051,2,Khách hàng nguy cơ mất
17,12,46,9929968,3,Khách hàng VIP
127,19,41,9101106,1,Khách hàng VIP
648,66,7,1186762,0,Khách hàng tiềm năng
581,28,8,1683587,0,Khách hàng tiềm năng
471,228,4,669796,2,Khách hàng nguy cơ mất
229,95,5,1663717,0,Khách hàng tiềm năng
282,50,7,1293147,0,Khách hàng tiềm năng
467,227,4,230762,2,Khách hàng nguy cơ mất
190,2,53,7082407,3,Khách hàng VIP
441,43,12,1981207,0,Khách hàng tiềm năng
294,55,10,2706237,0,Khách hàng tiềm năng
458,234,5,274648,2,Khách hàng nguy cơ mất
159,112,1,349987,2,Khách hàng nguy cơ mất
407,39,20,3149557,1,Khách hàng VIP
180,9,26,11887036,1,Khách hàng VIP
102,25,22,4445258,1,Khách hàng VIP
297,35,20,3174998,1,Khách hàng VIP
223,242,1,996047,2,Khách hàng nguy cơ mất
212,155,4,817515,2,Khách hàng nguy cơ mất
390,145,3,990880,2,Khách hàng nguy cơ mất
494,217,1,285066,2,Khách hàng nguy cơ mất
318,23,18,4686040,1,Khách hàng VIP
487,138,3,574569,2,Khách hàng nguy cơ mất
371,64,9,1733353,0,Khách hàng tiềm năng
277,16,13,6682256,1,Khách hàng VIP
157,17,39,5431740,1,Khách hàng VIP
545,69,12,2868267,0,Khách hàng tiềm năng
497,52,8,759898,0,Khách hàng tiềm năng
16,8,32,9398161,3,Khách hàng VIP
38,275,3,314843,2,Khách hàng nguy cơ mất
374,68,11,1458702,0,Khách hàng tiềm năng
474,271,1,237387,2,Khách hàng nguy cơ mất
347,26,14,5417238,0,Khách hàng tiềm năng
42,256,2,246365,2,Khách hàng nguy cơ mất
459,34,22,5135061,1,Khách hàng VIP
128,259,4,163733,2,Khách hàng nguy cơ mất
321,81,8,1590117,0,Khách hàng tiềm năng
165,195,5,829738,2,Khách hàng nguy cơ mất
7,130,2,722636,0,Khách hàng tiềm năng
261,54,9,931893,0,Khách hàng tiềm năng
384,167,2,451675,2,Khách hàng nguy cơ mất
84,25,23,7986925,1,Khách hàng VIP
99,77,8,716143,0,Khách hàng tiềm năng
129,226,4,460197,2,Khách hàng nguy cơ mất
26,32,26,7784173,1,Khách hàng VIP
26,4,54,11622957,3,Khách hàng VIP
273,150,4,409440,0,Khách hàng tiềm năng
238,40,16,4274564,1,Khách hàng VIP
451,155,4,407081,2,Khách hàng nguy cơ mất
690,36,8,1781440,0,Khách hàng tiềm năng
30,28,28,7219814,1,Khách hàng VIP
37,3,24,17327900,3,Khách hàng VIP
51,31,10,2544908,0,Khách hàng tiềm năng
347,97,7,966931,0,Khách hàng tiềm năng
700,84,10,921101,0,Khách hàng tiềm năng
270,49,15,3798803,1,Khách hàng VIP
195,287,3,664695,2,Khách hàng nguy cơ mất
470,210,1,403596,2,Khách hàng nguy cơ mất
488,30,16,5266981,1,Khách hàng VIP
346,262,4,908406,2,Khách hàng nguy cơ mất
440,21,22,7644707,1,Khách hàng VIP
215,268,2,783038,2,Khách hàng nguy cơ mất
520,77,5,742046,0,Khách hàng tiềm năng
460,34,6,1792794,0,Khách hàng tiềm năng
717,87,3,2083172,0,Khách hàng tiềm năng
30,233,2,307846,2,Khách hàng nguy cơ mất
158,114,5,243946,0,Khách hàng tiềm năng
602,71,8,626268,0,Khách hàng tiềm năng
325,208,1,542026,2,Khách hàng nguy cơ mất
102,39,6,2592158,0,Khách hàng tiềm năng
106,245,2,376592,2,Khách hàng nguy cơ mất
160,9,36,15561196,3,Khách hàng VIP
258,81,12,1001411,0,Khách hàng tiềm năng
488,84,10,2436682,0,Khách hàng tiềm năng
123,33,4,1633540,0,Khách hàng tiềm năng
184,226,1,887796,2,Khách hàng nguy cơ mất
179,58,6,2796303,0,Khách hàng tiềm năng
215,50,6,2894948,0,Khách hàng tiềm năng
152,3,45,13278602,3,Khách hàng VIP
373,249,3,799148,2,Khách hàng nguy cơ mất
279,280,2,428546,2,Khách hàng nguy cơ mất
310,37,20,3743027,1,Khách hàng VIP
437,81,7,2808059,0,Khách hàng tiềm năng
552,92,6,1131914,0,Khách hàng tiềm năng
186,134,5,593083,0,Khách hàng tiềm năng
103,12,45,17206925,3,Khách hàng VIP
747,30,9,2226538,0,Khách hàng tiềm năng
745,35,8,1124754,0,Khách hàng tiềm năng
387,27,20,2711015,0,Khách hàng tiềm năng
271,255,3,592513,2,Khách hàng nguy cơ mất
445,74,6,2724372,0,Khách hàng tiềm năng
53,22,34,18595315,3,Khách hàng VIP
151,5,53,17782722,3,Khách hàng VIP
204,31,25,4746197,1,Khách hàng VIP
445,157,3,269512,2,Khách hàng nguy cơ mất
8,25,23,4083662,1,Khách hàng VIP
397,190,2,173251,2,Khách hàng nguy cơ mất
424,72,11,1891773,0,Khách hàng tiềm năng
393,261,3,362640,2,Khách hàng nguy cơ mất
8,16,23,18580729,3,Khách hàng VIP
316,58,3,997324,0,Khách hàng tiềm năng
409,202,2,949801,2,Khách hàng nguy cơ mất
362,55,4,1103374,0,Khách hàng tiềm năng
253,45,21,6643948,1,Khách hàng VIP
54,43,15,4445505,1,Khách hàng VIP
629,45,3,2056373,0,Khách hàng tiềm năng
198,74,9,2771025,0,Khách hàng tiềm năng
236,179,3,990167,2,Khách hàng nguy cơ mất
182,70,10,1416594,0,Khách hàng tiềm năng
98,235,3,952112,2,Khách hàng nguy cơ mất
391,273,4,292530,2,Khách hàng nguy cơ mất
424,32,23,4118302,1,Khách hàng VIP
146,42,28,6823751,1,Khách hàng VIP
205,237,3,259488,2,Khách hàng nguy cơ mất
63,32,12,7081813,1,Khách hàng VIP
137,261,3,503102,2,Khách hàng nguy cơ mất
623,40,4,736390,0,Khách hàng tiềm năng
740,56,10,1195542,0,Khách hàng tiềm năng
150,21,39,12802452,3,Khách hàng VIP
273,42,27,7082364,1,Khách hàng VIP
441,1,17,5041522,0,Khách hàng tiềm năng
485,225,4,157530,2,Khách hàng nguy cơ mất
385,171,1,766728,2,Khách hàng nguy cơ mất
351,36,14,2438489,1,Khách hàng VIP
282,209,5,989184,2,Khách hàng nguy cơ mất
230,62,6,2857989,0,Khách hàng tiềm năng
289,6,23,7656345,1,Khách hàng VIP
314,271,3,111333,2,Khách hàng nguy cơ mất
473,31,7,1195359,0,Khách hàng tiềm năng
146,14,41,6703363,1,Khách hàng VIP
207,265,2,768457,2,Khách hàng nguy cơ mất
431,147,2,226291,2,Khách hàng nguy cơ mất
203,37,19,4596374,1,Khách hàng VIP
256,42,12,1540176,0,Khách hàng tiềm năng
380,129,1,169905,2,Khách hàng nguy cơ mất
460,9,20,2327806,0,Khách hàng tiềm năng
674,37,6,972846,0,Khách hàng tiềm năng
264,28,25,3759851,1,Khách hàng VIP
651,40,12,2784318,0,Khách hàng tiềm năng
186,20,30,6137949,1,Khách hàng VIP
449,55,11,2033504,0,Khách hàng tiềm năng
526,26,9,1084061,0,Khách hàng tiềm năng
409,41,22,2610822,1,Khách hàng VIP
143,7,37,15075510,3,Khách hàng VIP
53,29,11,1862708,0,Khách hàng tiềm năng
37,245,1,519284,2,Khách hàng nguy cơ mất
283,58,13,2415760,0,Khách hàng tiềm năng
197,21,35,7584798,3,Khách hàng VIP
136,173,4,608655,2,Khách hàng nguy cơ mất
185,46,12,2920055,1,Khách hàng VIP
80,13,15,3672559,0,Khách hàng tiềm năng
94,26,16,6613536,1,Khách hàng VIP
326,219,4,714231,2,Khách hàng nguy cơ mất
201,6,20,7740798,1,Khách hàng VIP
122,7,47,19548715,3,Khách hàng VIP
509,45,8,2248282,0,Khách hàng tiềm năng
3,46,15,2345885,1,Khách hàng VIP
764,92,7,714775,0,Khách hàng tiềm năng
137,74,8,1258759,0,Khách hàng tiềm năng
47,11,22,6570789,1,Khách hàng VIP
741,87,5,654019,0,Khách hàng tiềm năng
256,172,2,113419,2,Khách hàng nguy cơ mất
404,89,5,902106,0,Khách hàng tiềm năng
210,247,4,335778,2,Khách hàng nguy cơ mất
383,108,5,396740,0,Khách hàng tiềm năng
455,53,11,1539784,0,Khách hàng tiềm năng
164,164,3,558886,2,Khách hàng nguy cơ mất
728,63,11,2967750,0,Khách hàng tiềm năng
185,38,14,5796271,1,Khách hàng VIP
261,193,1,224224,2,Khách hàng nguy cơ mất
156,85,11,2434987,0,Khách hàng tiềm năng
92,166,3,196441,2,Khách hàng nguy cơ mất
20,2,20,3207872,1,Khách hàng VIP
442,12,21,4456472,1,Khách hàng VIP
1,24,26,18538293,3,Khách hàng VIP
112,24,24,18990927,3,Khách hàng VIP
499,38,19,6554031,1,Khách hàng VIP
418,124,1,747697,2,Khách hàng nguy cơ mất
253,58,4,2504784,0,Khách hàng tiềm năng
151,258,4,859965,2,Khách hàng nguy cơ mất
139,132,5,552158,2,Khách hàng nguy cơ mất
388,238,4,450248,2,Khách hàng nguy cơ mất
712,40,10,1733118,0,Khách hàng tiềm năng
711,81,6,1433018,0,Khách hàng tiềm năng
36,173,3,118922,2,Khách hàng nguy cơ mất
593,78,8,2656926,0,Khách hàng tiềm năng
311,245,1,217408,2,Khách hàng nguy cơ mất
242,22,23,4481856,1,Khách hàng VIP
23,277,3,923438,2,Khách hàng nguy cơ mất
438,57,13,2223198,0,Khách hàng tiềm năng
218,237,2,267358,2,Khách hàng nguy cơ mất
558,76,11,1168024,0,Khách hàng tiềm năng
366,156,4,604999,2,Khách hàng nguy cơ mất
134,196,4,154402,2,Khách hàng nguy cơ mất
198,216,4,594326,2,Khách hàng nguy cơ mất
699,92,3,1861153,0,Khách hàng tiềm năng
464,7,18,3823655,1,Khách hàng VIP
338,208,1,344141,2,Khách hàng nguy cơ mất
559,43,7,1772783,0,Khách hàng tiềm năng
276,126,5,777892,0,Khách hàng tiềm năng
203,171,5,654831,2,Khách hàng nguy cơ mất
118,13,17,2437411,1,Khách hàng VIP
449,24,25,2909570,1,Khách hàng VIP
736,44,8,2124659,0,Khách hàng tiềm năng
781,70,7,2741866,0,Khách hàng tiềm năng
11,27,8,2391973,0,Khách hàng tiềm năng
684,27,8,2135589,0,Khách hàng tiềm năng
584,28,4,2154753,0,Khách hàng tiềm năng
274,61,5,2245176,0,Khách hàng tiềm năng
428,40,18,4516687,1,Khách hàng VIP
433,14,19,5546781,1,Khách hàng VIP
608,73,13,2174883,0,Khách hàng tiềm năng
702,73,7,2962322,0,Khách hàng tiềm năng
710,96,4,1700337,0,Khách hàng tiềm năng
550,30,4,2834968,0,Khách hàng tiềm năng
455,254,4,240326,2,Khách hàng nguy cơ mất
556,33,3,1640792,0,Khách hàng tiềm năng
798,90,6,1169683,0,Khách hàng tiềm năng
673,28,12,2345376,0,Khách hàng tiềm năng
32,102,3,981478,0,Khách hàng tiềm năng
166,259,4,493370,2,Khách hàng nguy cơ mất
656,41,4,2917163,0,Khách hàng tiềm năng
428,304,2,973051,2,Khách hàng nguy cơ mất
403,107,3,330776,0,Khách hàng tiềm năng
146,149,3,865982,2,Khách hàng nguy cơ mất
351,140,2,870042,2,Khách hàng nguy cơ mất
97,42,4,1894697,0,Khách hàng tiềm năng
446,20,14,6161708,1,Khách hàng VIP
314,90,4,2151174,0,Khách hàng tiềm năng
342,226,3,290912,2,Khách hàng nguy cơ mất
357,17,21,7662209,1,Khách hàng VIP
482,20,29,7909150,3,Khách hàng VIP
378,38,15,3332455,1,Khách hàng VIP
411,61,8,2002392,0,Khách hàng tiềm năng
568,94,3,828913,0,Khách hàng tiềm năng
225,299,2,525731,2,Khách hàng nguy cơ mất
485,62,5,815708,0,Khách hàng tiềm năng
325,24,12,2457435,0,Khách hàng tiềm năng
361,48,12,2664112,0,Khách hàng tiềm năng
341,27,29,7763761,1,Khách hàng VIP
496,49,3,2424934,0,Khách hàng tiềm năng
181,193,1,234186,2,Khách hàng nguy cơ mất
50,52,4,1648365,0,Khách hàng tiềm năng
354,278,1,202084,2,Khách hàng nguy cơ mất
732,44,7,736847,0,Khách hàng tiềm năng
285,14,24,6484666,1,Khách hàng VIP
260,215,3,538696,2,Khách hàng nguy cơ mất
95,12,39,10300283,3,Khách hàng VIP
322,65,9,2371680,0,Khách hàng tiềm năng
364,5,17,6309987,1,Khách hàng VIP
566,27,14,2865189,0,Khách hàng tiềm năng
44,48,13,2522146,0,Khách hàng tiềm năng
165,31,4,2274462,0,Khách hàng tiềm năng
101,275,3,964011,2,Khách hàng nguy cơ mất
217,178,1,483897,2,Khách hàng nguy cơ mất
786,50,11,2098157,0,Khách hàng tiềm năng
193,87,8,1622128,0,Khách hàng tiềm năng
80,312,2,388687,2,Khách hàng nguy cơ mất
340,72,10,2821269,0,Khách hàng tiềm năng
7,40,21,5346252,1,Khách hàng VIP
193,50,15,7704636,1,Khách hàng VIP
96,51,4,1218506,0,Khách hàng tiềm năng
172,60,11,993106,0,Khách hàng tiềm năng
198,31,16,5864895,1,Khách hàng VIP
68,31,5,2568953,0,Khách hàng tiềm năng
344,188,4,971752,2,Khách hàng nguy cơ mất
543,77,6,2415392,0,Khách hàng tiềm năng
330,81,3,2606336,0,Khách hàng tiềm năng
295,131,1,732565,2,Khách hàng nguy cơ mất
443,33,24,6865271,1,Khách hàng VIP
394,123,5,788600,2,Khách hàng nguy cơ mất
413,39,19,2216112,1,Khách hàng VIP
265,249,4,112293,2,Khách hàng nguy cơ mất
262,42,9,1448413,0,Khách hàng tiềm năng
73,263,4,593308,2,Khách hàng nguy cơ mất
27,31,9,1082968,0,Khách hàng tiềm năng
484,3,25,4359171,1,Khách hàng VIP
98,1,46,19615922,3,Khách hàng VIP
106,71,7,1201137,0,Khách hàng tiềm năng
254,260,1,683647,2,Khách hàng nguy cơ mất
100,235,2,240031,2,Khách hàng nguy cơ mất
207,12,22,4218879,1,Khách hàng VIP
303,35,22,6866742,1,Khách hàng VIP
373,36,14,2960804,0,Khách hàng tiềm năng
358,80,7,1199184,0,Khách hàng tiềm năng
231,77,8,2829328,0,Khách hàng tiềm năng
81,48,10,1907910,0,Khách hàng tiềm năng
1,33,18,3556009,1,Khách hàng VIP
134,24,24,16534811,3,Khách hàng VIP
353,59,6,500602,0,Khách hàng tiềm năng
40,3,51,6272565,3,Khách hàng VIP
319,73,11,1533356,0,Khách hàng tiềm năng
31,40,14,2783914,0,Khách hàng tiềm năng
16,177,3,530089,2,Khách hàng nguy cơ mất
299,234,2,633943,2,Khách hàng nguy cơ mất
179,7,27,4263908,1,Khách hàng VIP
89,19,22,6427217,1,Khách hàng VIP
219,47,19,5646512,1,Khách hàng VIP
201,111,2,223353,0,Khách hàng tiềm năng
192,7,24,6566226,1,Khách hàng VIP
393,47,13,6566047,1,Khách hàng VIP
25,104,5,886650,2,Khách hàng nguy cơ mất
464,31,10,2231432,0,Khách hàng tiềm năng
388,33,9,2115117,0,Khách hàng tiềm năng
797,84,11,1592870,0,Khách hàng tiềm năng
448,11,13,5927904,1,Khách hàng VIP
454,42,9,2703714,0,Khách hàng tiềm năng
669,37,5,2257166,0,Khách hàng tiềm năng
321,34,21,5177958,1,Khách hàng VIP
365,93,4,383091,0,Khách hàng tiềm năng
64,6,55,19432588,3,Khách hàng VIP
339,242,4,653440,2,Khách hàng nguy cơ mất
14,4,47,14477558,3,Khách hàng VIP
482,38,5,2667138,0,Khách hàng tiềm năng
366,35,11,1876726,0,Khách hàng tiềm năng
293,19,13,7776610,1,Khách hàng VIP
180,31,23,7784470,1,Khách hàng VIP
187,14,27,6933195,1,Khách hàng VIP
65,43,8,1227991,0,Khách hàng tiềm năng
17,5,25,5740435,1,Khách hàng VIP
93,102,3,685187,0,Khách hàng tiềm năng
378,72,9,1964445,0,Khách hàng tiềm năng
180,58,10,2760284,0,Khách hàng tiềm năng
138,21,26,4696098,1,Khách hàng VIP
275,108,3,874769,0,Khách hàng tiềm năng
21,66,6,2646862,0,Khách hàng tiềm năng
251,144,3,703166,0,Khách hàng tiềm năng
96,5,21,6596695,1,Khách hàng VIP
228,206,1,783997,2,Khách hàng nguy cơ mất
318,62,3,651707,0,Khách hàng tiềm năng
577,58,12,1605984,0,Khách hàng tiềm năng
253,109,2,526405,2,Khách hàng nguy cơ mất
787,32,10,687857,0,Khách hàng tiềm năng
256,22,13,7856082,1,Khách hàng VIP
499,95,4,714469,0,Khách hàng tiềm năng
117,71,5,2675062,0,Khách hàng tiềm năng
389,160,2,539032,2,Khách hàng nguy cơ mất
70,1,19,7558295,1,Khách hàng VIP
297,96,8,1684433,0,Khách hàng tiềm năng
2,43,13,3167743,1,Khách hàng VIP
161,14,42,8194462,3,Khách hàng VIP
82,237,3,660334,2,Khách hàng nguy cơ mất
31,61,7,540311,0,Khách hàng tiềm năng
202,40,17,5002406,1,Khách hàng VIP
4,73,3,837446,0,Khách hàng tiềm năng
3,202,4,403268,2,Khách hàng nguy cơ mất
348,163,2,992834,2,Khách hàng nguy cơ mất
298,216,3,490405,2,Khách hàng nguy cơ mất
431,94,8,545895,0,Khách hàng tiềm năng
366,33,26,5843691,1,Khách hàng VIP
715,93,8,2752269,0,Khách hàng tiềm năng
323,53,5,2569812,0,Khách hàng tiềm năng
327,66,5,1841518,0,Khách hàng tiềm năng
713,28,9,1947824,0,Khách hàng tiềm năng
398,230,3,110289,2,Khách hàng nguy cơ mất
88,192,4,347536,2,Khách hàng nguy cơ mất
406,91,4,2858275,0,Khách hàng tiềm năng
6,31,15,7798504,1,Khách hàng VIP
34,24,27,6261602,1,Khách hàng VIP
77,64,6,1059006,0,Khách hàng tiềm năng
309,42,27,7504915,1,Khách hàng VIP
753,95,9,2926670,0,Khách hàng tiềm năng
780,79,9,557617,0,Khách hàng tiềm năng
473,134,4,647819,2,Khách hàng nguy cơ mất
692,72,8,1637376,0,Khách hàng tiềm năng
91,18,24,14301988,3,Khách hàng VIP
665,38,5,2872290,0,Khách hàng tiềm năng
199,31,7,2453226,0,Khách hàng tiềm năng
365,31,19,3484041,1,Khách hàng VIP
671,61,12,984472,0,Khách hàng tiềm năng
78,33,6,2833637,0,Khách hàng tiềm năng
42,33,20,7181285,1,Khách hàng VIP
13,6,30,13601568,3,Khách hàng VIP
116,11,20,6242518,1,Khách hàng VIP
401,6,23,6725294,1,Khách hàng VIP
188,37,19,3001718,1,Khách hàng VIP
599,52,6,2759882,0,Khách hàng tiềm năng
166,7,54,10883660,3,Khách hàng VIP
142,78,8,2904028,0,Khách hàng tiềm năng
20,14,46,16873685,3,Khách hàng VIP
447,38,19,6626736,1,Khách hàng VIP
345,197,4,794628,2,Khách hàng nguy cơ mất
11,228,5,713055,2,Khách hàng nguy cơ mất
456,35,7,2300833,0,Khách hàng tiềm năng
31,142,4,188593,0,Khách hàng tiềm năng
133,44,13,2512733,0,Khách hàng tiềm năng
569,85,5,1255691,0,Khách hàng tiềm năng
93,174,1,452554,2,Khách hàng nguy cơ mất
402,267,1,522821,2,Khách hàng nguy cơ mất
363,9,13,4861400,1,Khách hàng VIP
454,326,1,830829,2,Khách hàng nguy cơ mất
487,23,26,2470734,1,Khách hàng VIP
259,93,8,1038398,0,Khách hàng tiềm năng
189,5,47,7278540,1,Khách hàng VIP
309,159,1,383940,2,Khách hàng nguy cơ mất
277,44,10,733800,0,Khách hàng tiềm năng
500,26,15,2615095,0,Khách hàng tiềm năng
801,81,8,2997261,0,Khách hàng tiềm năng
208,283,4,693459,2,Khách hàng nguy cơ mất
311,45,19,4819929,1,Khách hàng VIP
384,23,12,1844230,0,Khách hàng tiềm năng
275,7,24,7391363,1,Khách hàng VIP
87,200,2,521082,2,Khách hàng nguy cơ mất
158,41,12,532054,0,Khách hàng tiềm năng
49,50,6,1256919,0,Khách hàng tiềm năng
53,20,12,7884436,1,Khách hàng VIP
21,3,43,16844272,3,Khách hàng VIP
639,73,5,1731953,0,Khách hàng tiềm năng
260,5,27,6842933,1,Khách hàng VIP
486,34,6,2864441,0,Khách hàng tiềm năng
77,15,26,3796373,1,Khách hàng VIP
257,71,7,2944634,0,Khách hàng tiềm năng
517,30,7,2717078,0,Khách hàng tiềm năng
186,18,11,6223142,0,Khách hàng tiềm năng
107,23,12,899373,0,Khách hàng tiềm năng
739,82,12,1841445,0,Khách hàng tiềm năng
18,148,2,109925,2,Khách hàng nguy cơ mất
144,35,18,6283715,1,Khách hàng VIP
71,64,9,724130,0,Khách hàng tiềm năng
634,35,8,2871062,0,Khách hàng tiềm năng
188,238,4,787798,2,Khách hàng nguy cơ mất
130,10,35,17193515,3,Khách hàng VIP
190,176,2,663030,2,Khách hàng nguy cơ mất
173,98,4,1033843,0,Khách hàng tiềm năng
425,50,5,2345738,0,Khách hàng tiềm năng
698,31,9,1740737,0,Khách hàng tiềm năng
87,15,39,9214447,3,Khách hàng VIP
784,76,4,1199003,0,Khách hàng tiềm năng
131,2,16,7873886,1,Khách hàng VIP
540,43,13,2531832,0,Khách hàng tiềm năng
267,41,11,4088573,0,Khách hàng tiềm năng
121,20,45,10713362,3,Khách hàng VIP
141,160,5,781310,2,Khách hàng nguy cơ mất
346,39,9,596998,0,Khách hàng tiềm năng
227,219,5,810055,2,Khách hàng nguy cơ mất
397,45,5,1818137,0,Khách hàng tiềm năng
432,36,12,2134985,0,Khách hàng tiềm năng
596,71,12,2633489,0,Khách hàng tiềm năng
162,62,4,1088914,0,Khách hàng tiềm năng
761,26,10,1858514,0,Khách hàng tiềm năng
428,52,10,1581917,0,Khách hàng tiềm năng
